id,username,first_name,last_name,email,gender,salary,department,start_date
1,ghuckabe0,Gibbie,Huckabe,ghuckabe0@jugem.jp,Female,73600,Business Development,11/22/2014
2,fsallans1,Frederik,Sallans,fsallans1@1und1.de,Female,67344,Accounting,10/19/2011
3,hpill2,Haleigh,Pill,hpill2@va.gov,Female,71804,Human Resources,12/7/2016
4,pegre3,Prudi,Egre,pegre3@ucoz.ru,Female,81016,Accounting,1/18/2012
5,mforre4,Maximilien,Forre,mforre4@dailymail.co.uk,Female,40782,Product Management,9/13/2010
6,jstallard5,Justina,Stallard,jstallard5@upenn.edu,Male,70950,Product Management,7/27/2010
7,jpleming6,Johnny,Pleming,jpleming6@parallels.com,Male,87257,Legal,1/3/2018
8,ariquet7,Andros,Riquet,ariquet7@hibu.com,Female,93546,Support,10/8/2011
9,gallanson8,Gwendolen,Allanson,gallanson8@pbs.org,Male,39360,Services,1/17/2020
10,tfownes9,Tawsha,Fownes,tfownes9@hatena.ne.jp,Male,93798,Services,8/19/2009
11,aellicombea,Alick,Ellicombe,aellicombea@free.fr,Female,81625,Engineering,8/28/2019
12,achallenorb,Ade,Challenor,achallenorb@ibm.com,Female,49684,Business Development,5/15/2010
13,rflowerc,Rosalia,Flower,rflowerc@latimes.com,Female,77263,Product Management,7/6/2017
14,mfarrd,Myrilla,Farr,mfarrd@feedburner.com,Female,94792,Services,7/7/2013
15,pgreatrexe,Paule,Greatrex,pgreatrexe@taobao.com,Female,35360,Accounting,6/1/2010
16,candrichf,Cristy,Andrich,candrichf@moonfruit.com,Female,71998,Human Resources,12/24/2008
17,ldockrayg,Lilla,Dockray,ldockrayg@woothemes.com,Male,74288,Engineering,6/3/2014
18,eclawleyh,Elihu,Clawley,eclawleyh@parallels.com,Male,91784,Services,8/18/2019
19,gbraidfordi,Glenn,Braidford,gbraidfordi@storify.com,Male,53661,Marketing,1/13/2014
20,ewhiskerj,Esteban,Whisker,ewhiskerj@eventbrite.com,Female,71361,Engineering,2/28/2009
21,bslowgrovek,Beckie,Slowgrove,bslowgrovek@dmoz.org,Male,52831,Legal,11/2/2016
22,rjarretl,Rosabelle,Jarret,rjarretl@springer.com,Male,77169,Business Development,11/28/2019
23,kdrydenm,Kaja,Dryden,kdrydenm@gov.uk,Male,60516,Marketing,3/5/2009
24,bkinseyn,Brandi,Kinsey,bkinseyn@economist.com,Male,68562,Business Development,2/23/2017
25,hdiggleso,Hewitt,Diggles,hdiggleso@microsoft.com,Female,54260,Training,12/13/2014
26,dsuttyp,Daffi,Sutty,dsuttyp@prweb.com,Male,46803,Research and Development,9/12/2013
27,bhehirq,Bobbye,Hehir,bhehirq@squidoo.com,Female,80111,Accounting,5/20/2019
28,rprisleyr,Rick,Prisley,rprisleyr@usa.gov,Female,51198,Legal,9/14/2011
29,jhailwoods,Jacklyn,Hailwood,jhailwoods@skype.com,Female,47501,Research and Development,7/10/2011
30,rarmandt,Robbie,Armand,rarmandt@edublogs.org,Male,65539,Engineering,9/27/2008
31,cblindermannu,Clevie,Blindermann,cblindermannu@tuttocitta.it,Male,82011,Training,4/21/2012
32,tblasliv,Tanhya,Blasli,tblasliv@photobucket.com,Female,68736,Sales,10/31/2017
33,esivyourw,Eleen,Sivyour,esivyourw@moonfruit.com,Female,40907,Legal,1/20/2015
34,awanlessx,Ambrosio,Wanless,awanlessx@histats.com,Male,78306,Support,9/17/2018
35,awoodingtony,Antoni,Woodington,awoodingtony@google.it,Female,85644,Support,7/18/2009
36,eshorbrookz,Eimile,Shorbrook,eshorbrookz@alexa.com,Male,56993,Human Resources,6/26/2016
37,cgregory10,Clarissa,Gregory,cgregory10@usgs.gov,Male,65648,Research and Development,8/11/2020
38,sheinemann11,Salomo,Heinemann,sheinemann11@nba.com,Male,62010,Training,9/23/2014
39,gibeson12,Gardy,Ibeson,gibeson12@1und1.de,Female,67919,Sales,7/10/2019
40,echenery13,Eleonore,Chenery,echenery13@bloglovin.com,Male,62060,Legal,9/15/2014
41,tswayton14,Tersina,Swayton,tswayton14@berkeley.edu,Female,88461,Marketing,3/3/2011
42,rcritzen15,Ricki,Critzen,rcritzen15@github.io,Male,56894,Accounting,2/18/2016
43,iquerrard16,Isiahi,Querrard,iquerrard16@yale.edu,Female,69536,Sales,6/14/2015
44,sshilston17,Stormi,Shilston,sshilston17@eventbrite.com,Male,82471,Training,12/27/2010
45,rdefreyne18,Rutter,De Freyne,rdefreyne18@list-manage.com,Male,76040,Human Resources,5/1/2015
46,lpetrazzi19,Lindon,Petrazzi,lpetrazzi19@sitemeter.com,Female,77498,Legal,5/4/2020
47,nhannam1a,Ninon,Hannam,nhannam1a@t.co,Female,68130,Human Resources,6/25/2010
48,rcathee1b,Rafaellle,Cathee,rcathee1b@mlb.com,Female,75703,Human Resources,8/29/2017
49,kfound1c,Karola,Found,kfound1c@smugmug.com,Female,79982,Engineering,1/11/2009
50,kchampionnet1d,Kaitlyn,Championnet,kchampionnet1d@ifeng.com,Female,45110,Accounting,6/2/2011
51,cfrostdyke1e,Carmelle,Frostdyke,cfrostdyke1e@smh.com.au,Female,94655,Accounting,10/5/2012
52,bwillstrop1f,Benny,Willstrop,bwillstrop1f@technorati.com,Female,51217,Product Management,11/25/2016
53,dgrigoletti1g,Dulciana,Grigoletti,dgrigoletti1g@msu.edu,Male,58848,Legal,7/18/2017
54,oalgore1h,Ogdon,Algore,oalgore1h@youtube.com,Female,87561,Business Development,2/27/2016
55,bfores1i,Brittney,Fores,bfores1i@sfgate.com,Male,35398,Engineering,6/9/2012
56,kkrammer1j,Kristy,Krammer,kkrammer1j@stanford.edu,Male,68091,Research and Development,9/2/2008
57,eshoreson1k,Evy,Shoreson,eshoreson1k@technorati.com,Male,69575,Research and Development,7/13/2019
58,emarlin1l,Erinna,Marlin,emarlin1l@hp.com,Male,91427,Services,10/30/2013
59,slefriec1m,Stanford,Le Friec,slefriec1m@dailymail.co.uk,Female,76532,Services,9/20/2012
60,cfisbey1n,Cory,Fisbey,cfisbey1n@webmd.com,Male,54265,Legal,12/11/2015
61,cwilton1o,Caspar,Wilton,cwilton1o@noaa.gov,Female,88366,Marketing,2/6/2020
62,smatyas1p,Starr,Matyas,smatyas1p@nba.com,Male,87348,Services,9/14/2019
63,kconsterdine1q,Kristo,Consterdine,kconsterdine1q@zimbio.com,Female,70476,Services,12/4/2014
64,spinck1r,Shannon,Pinck,spinck1r@multiply.com,Female,55198,Training,5/7/2010
65,bhargerie1s,Barrett,Hargerie,bhargerie1s@delicious.com,Female,60169,Training,5/10/2009
66,gberesfore1t,Garwin,Beresfore,gberesfore1t@noaa.gov,Male,78352,Product Management,12/3/2011
67,ejoss1u,Elaine,Joss,ejoss1u@posterous.com,Male,76760,Accounting,10/28/2010
68,jferrai1v,Juieta,Ferrai,jferrai1v@wp.com,Female,41380,Legal,11/19/2008
69,tbarrass1w,Thurston,Barrass,tbarrass1w@yelp.com,Male,70101,Support,7/20/2015
70,vresdale1x,Virgie,Resdale,vresdale1x@macromedia.com,Female,69950,Accounting,1/6/2011
71,srihosek1y,Shellysheldon,Rihosek,srihosek1y@geocities.jp,Male,62090,Marketing,6/29/2015
72,flisle1z,Faye,Lisle,flisle1z@foxnews.com,Female,84737,Support,2/17/2020
73,bcoldicott20,Burr,Coldicott,bcoldicott20@umn.edu,Female,82375,Accounting,4/2/2017
74,dsharplin21,Darda,Sharplin,dsharplin21@aol.com,Male,68655,Support,3/10/2019
75,egrimsey22,Eudora,Grimsey,egrimsey22@edublogs.org,Female,49669,Sales,6/3/2011
76,dbaynom23,Desi,Baynom,dbaynom23@trellian.com,Male,65491,Engineering,12/19/2009
77,satton24,Sheryl,Atton,satton24@samsung.com,Male,54735,Legal,5/28/2015
78,dshilvock25,Dur,Shilvock,dshilvock25@state.tx.us,Male,92893,Sales,8/29/2017
79,mcopcutt26,Melvin,Copcutt,mcopcutt26@scribd.com,Female,87830,Legal,5/18/2009
80,dhaukey27,Danita,Haukey,dhaukey27@tiny.cc,Male,36250,Business Development,3/31/2018
81,dstaziker28,Daniele,Staziker,dstaziker28@deviantart.com,Male,79611,Research and Development,10/1/2011
82,fbuxcey29,Frederique,Buxcey,fbuxcey29@tuttocitta.it,Female,85796,Support,3/5/2014
83,vmonget2a,Verine,Monget,vmonget2a@odnoklassniki.ru,Female,67196,Accounting,2/8/2012
84,mlarking2b,Merci,Larking,mlarking2b@blogger.com,Male,79806,Services,8/10/2016
85,emeindl2c,Ebenezer,Meindl,emeindl2c@wordpress.org,Male,83407,Training,3/11/2012
86,lbastian2d,Lincoln,Bastian,lbastian2d@chicagotribune.com,Female,64891,Research and Development,1/22/2018
87,smcgonigal2e,Sue,McGonigal,smcgonigal2e@addtoany.com,Female,93424,Research and Development,1/29/2014
88,ceverton2f,Correna,Everton,ceverton2f@earthlink.net,Male,56793,Marketing,7/1/2013
89,ahallede2g,Angelita,Hallede,ahallede2g@weibo.com,Male,58903,Engineering,1/17/2020
90,rmozzetti2h,Rubin,Mozzetti,rmozzetti2h@com.com,Male,55501,Sales,9/29/2018
91,etook2i,Erda,Took,etook2i@comsenz.com,Male,77314,Human Resources,9/19/2019
92,aertel2j,Aaron,Ertel,aertel2j@goo.gl,Female,66451,Services,6/9/2009
93,sfantini2k,Sutton,Fantini,sfantini2k@adobe.com,Male,83561,Training,8/20/2012
94,lsawnwy2l,Lauree,Sawnwy,lsawnwy2l@hibu.com,Male,52853,Research and Development,9/9/2011
95,jnowell2m,Jacklyn,Nowell,jnowell2m@state.tx.us,Male,88454,Marketing,12/8/2018
96,ressex2n,Rozelle,Essex,ressex2n@topsy.com,Female,91908,Engineering,5/10/2019
97,emclernon2o,Etheline,McLernon,emclernon2o@disqus.com,Female,87367,Engineering,7/18/2009
98,bvaggers2p,Brinn,Vaggers,bvaggers2p@msu.edu,Female,71128,Business Development,9/7/2015
99,jtidgewell2q,Jennie,Tidgewell,jtidgewell2q@moonfruit.com,Male,81390,Product Management,10/6/2015
100,qmuldrew2r,Quentin,Muldrew,qmuldrew2r@spotify.com,Female,79964,Legal,10/18/2015
101,amarginson2s,Alecia,Marginson,amarginson2s@vkontakte.ru,Female,61099,Research and Development,11/2/2014
102,wharsum2t,Wylma,Harsum,wharsum2t@smh.com.au,Male,88796,Marketing,8/22/2008
103,grigney2u,Gaspard,Rigney,grigney2u@bbc.co.uk,Male,90631,Business Development,4/3/2012
104,gdingate2v,Gertrude,Dingate,gdingate2v@tmall.com,Female,73926,Services,10/22/2012
105,gfleischmann2w,Gar,Fleischmann,gfleischmann2w@is.gd,Female,63526,Accounting,2/18/2013
106,pmerrilees2x,Pandora,Merrilees,pmerrilees2x@odnoklassniki.ru,Female,74694,Product Management,9/6/2017
107,amcleese2y,Amelina,McLeese,amcleese2y@cloudflare.com,Female,79107,Sales,9/21/2017
108,ljanaud2z,Lenee,Janaud,ljanaud2z@tripod.com,Female,74141,Training,12/24/2019
109,jyardy30,Justine,Yardy,jyardy30@latimes.com,Male,83076,Legal,9/14/2009
110,cuman31,Carlina,Uman,cuman31@virginia.edu,Female,50710,Services,11/12/2011
111,eblankhorn32,Ernest,Blankhorn,eblankhorn32@huffingtonpost.com,Male,63442,Product Management,11/5/2012
112,gbankhurst33,Gerald,Bankhurst,gbankhurst33@example.com,Male,66873,Accounting,3/7/2010
113,lkeywood34,L;urette,Keywood,lkeywood34@altervista.org,Male,47968,Training,10/27/2009
114,cdils35,Cristen,Dils,cdils35@hugedomains.com,Male,66549,Engineering,1/6/2011
115,tramelet36,Tomi,Ramelet,tramelet36@webs.com,Male,93170,Business Development,11/18/2013
116,jcornelisse37,Juline,Cornelisse,jcornelisse37@ameblo.jp,Male,90799,Training,12/10/2016
117,lcrilley38,Lucille,Crilley,lcrilley38@foxnews.com,Female,73623,Support,11/16/2017
118,dbrummell39,Demetra,Brummell,dbrummell39@stumbleupon.com,Male,74462,Support,11/2/2015
119,toseman3a,Torrey,Oseman,toseman3a@bluehost.com,Female,55647,Legal,6/15/2020
120,aniland3b,Amaleta,Niland,aniland3b@seesaa.net,Female,87712,Engineering,10/31/2014
121,ahayle3c,Ardenia,Hayle,ahayle3c@tripod.com,Female,58581,Business Development,7/20/2014
122,sfrenzel3d,Susi,Frenzel;,sfrenzel3d@miibeian.gov.cn,Male,71095,Marketing,9/13/2018
123,rbains3e,Redd,Bains,rbains3e@rakuten.co.jp,Female,65884,Engineering,4/2/2014
124,wmcconville3f,Walker,McConville,wmcconville3f@behance.net,Male,43904,Accounting,7/25/2015
125,edackombe3g,Ed,Dackombe,edackombe3g@wordpress.com,Male,78496,Research and Development,8/19/2018
126,dentwhistle3h,Dixie,Entwhistle,dentwhistle3h@biblegateway.com,Male,79925,Product Management,2/23/2018
127,wsherbourne3i,Wanids,Sherbourne,wsherbourne3i@diigo.com,Male,75518,Product Management,1/9/2014
128,kcowap3j,Kristen,Cowap,kcowap3j@github.io,Male,65084,Sales,5/25/2019
129,selmore3k,Shirlene,Elmore,selmore3k@pbs.org,Female,67558,Sales,1/22/2011
130,zchaudron3l,Zacharias,Chaudron,zchaudron3l@yelp.com,Male,63988,Training,2/1/2018
131,cziems3m,Charlotte,Ziems,cziems3m@fastcompany.com,Female,61036,Research and Development,11/2/2009
132,lcreese3n,Lorant,Creese,lcreese3n@whitehouse.gov,Female,74878,Marketing,4/30/2011
133,jschneidau3o,Janine,Schneidau,jschneidau3o@google.nl,Female,74007,Marketing,6/25/2017
134,chagan3p,Cos,Hagan,chagan3p@woothemes.com,Female,69604,Training,9/15/2008
135,streneer3q,Sally,Treneer,streneer3q@bloglovin.com,Male,73426,Support,1/27/2019
136,rwhawell3r,Reid,Whawell,rwhawell3r@hatena.ne.jp,Male,86305,Engineering,9/6/2019
137,mmckew3s,Mattie,McKew,mmckew3s@cloudflare.com,Female,67360,Legal,2/5/2015
138,fauld3t,Faith,Auld,fauld3t@paginegialle.it,Male,89215,Marketing,8/1/2019
139,malthorp3u,Myrtie,Althorp,malthorp3u@free.fr,Female,74050,Services,12/26/2016
140,dshepperd3v,Dacia,Shepperd,dshepperd3v@dropbox.com,Female,91955,Product Management,11/21/2019
141,cparell3w,Corliss,Parell,cparell3w@accuweather.com,Female,78688,Product Management,11/28/2015
142,mtowll3x,Mikkel,Towll,mtowll3x@rambler.ru,Male,74045,Support,9/2/2008
143,ashimwall3y,Anica,Shimwall,ashimwall3y@sourceforge.net,Female,45014,Training,2/27/2009
144,bblaschke3z,Brose,Blaschke,bblaschke3z@1und1.de,Female,79019,Services,7/18/2020
145,ocuncarr40,Orella,Cuncarr,ocuncarr40@tiny.cc,Male,66106,Services,9/4/2012
146,cvanrembrandt41,Cos,Van Rembrandt,cvanrembrandt41@aboutads.info,Male,46086,Engineering,8/7/2012
147,jcadigan42,Jess,Cadigan,jcadigan42@bing.com,Female,61559,Business Development,8/19/2010
148,ikhristyukhin43,Isabeau,Khristyukhin,ikhristyukhin43@reference.com,Male,61729,Research and Development,10/22/2013
149,kbewshea44,Kliment,Bewshea,kbewshea44@va.gov,Male,83088,Support,11/12/2012
150,gwaycot45,Georgine,Waycot,gwaycot45@goo.gl,Female,37199,Legal,11/25/2015
151,sbargh46,Sherilyn,Bargh,sbargh46@uol.com.br,Male,65250,Product Management,9/9/2018
152,dhotton47,Darby,Hotton,dhotton47@hao123.com,Female,79889,Research and Development,7/18/2020
153,criche48,Clementine,Riche,criche48@flavors.me,Male,39643,Sales,12/30/2008
154,schitter49,Saxe,Chitter,schitter49@deviantart.com,Female,69640,Business Development,1/8/2013
155,bdifranceschi4a,Brittne,Di Franceschi,bdifranceschi4a@boston.com,Male,49660,Services,3/17/2009
156,dhaste4b,Denys,Haste,dhaste4b@google.it,Male,41457,Business Development,12/6/2010
157,nklich4c,Norry,Klich,nklich4c@1688.com,Female,52950,Human Resources,12/25/2009
158,pscolts4d,Pegeen,Scolts,pscolts4d@prweb.com,Female,79584,Accounting,10/18/2013
159,bbilovsky4e,Boyd,Bilovsky,bbilovsky4e@macromedia.com,Male,77980,Human Resources,8/30/2018
160,hfontes4f,Holt,Fontes,hfontes4f@live.com,Female,71682,Research and Development,4/2/2012
161,akeune4g,Adler,Keune,akeune4g@opensource.org,Male,69876,Marketing,9/30/2011
162,jitzchaky4h,Johnnie,Itzchaky,jitzchaky4h@businesswire.com,Female,92301,Legal,3/22/2013
163,pjordison4i,Pavla,Jordison,pjordison4i@weather.com,Female,66161,Business Development,1/26/2017
164,mhawkshaw4j,Merrick,Hawkshaw,mhawkshaw4j@wired.com,Female,92353,Engineering,2/10/2017
165,cvenmore4k,Ced,Venmore,cvenmore4k@unicef.org,Female,79005,Accounting,3/14/2020
166,dknappe4l,Doy,Knappe,dknappe4l@theglobeandmail.com,Female,65737,Training,1/19/2020
167,vkyteley4m,Vasily,Kyteley,vkyteley4m@illinois.edu,Male,78528,Legal,11/15/2009
168,mmccreedy4n,Marillin,McCreedy,mmccreedy4n@trellian.com,Male,47108,Marketing,3/8/2009
169,ssockell4o,Silvie,Sockell,ssockell4o@google.de,Female,70412,Sales,12/29/2014
170,udemoge4p,Ugo,Demoge,udemoge4p@barnesandnoble.com,Female,46990,Engineering,7/2/2011
171,cpardew4q,Chloe,Pardew,cpardew4q@vkontakte.ru,Male,74507,Support,6/8/2011
172,adenford4r,Ainsley,Denford,adenford4r@umn.edu,Female,60880,Research and Development,11/24/2018
173,mkirtley4s,Maybelle,Kirtley,mkirtley4s@cnet.com,Male,37772,Business Development,4/5/2013
174,kpaice4t,Kyle,Paice,kpaice4t@reuters.com,Female,49552,Product Management,6/1/2016
175,bmunt4u,Brose,Munt,bmunt4u@furl.net,Male,38690,Product Management,1/14/2019
176,abangs4v,Aurthur,Bangs,abangs4v@state.tx.us,Male,74282,Research and Development,2/23/2012
177,kfanthome4w,Koressa,Fanthome,kfanthome4w@imgur.com,Female,67191,Engineering,7/27/2013
178,svergo4x,Sheri,Vergo,svergo4x@slideshare.net,Female,93526,Legal,2/15/2010
179,rcastellini4y,Roxine,Castellini,rcastellini4y@scientificamerican.com,Female,72611,Accounting,11/25/2016
180,aell4z,Arty,Ell,aell4z@naver.com,Male,51651,Sales,10/22/2011
181,drollinshaw50,Dall,Rollinshaw,drollinshaw50@uiuc.edu,Female,72004,Human Resources,1/16/2009
182,bshieldon51,Bunny,Shieldon,bshieldon51@hugedomains.com,Male,84618,Support,11/9/2014
183,svel52,Stacia,Vel,svel52@prlog.org,Female,65267,Training,12/8/2014
184,pditchett53,Pansie,Ditchett,pditchett53@gizmodo.com,Female,68605,Human Resources,6/23/2017
185,vvalerio54,Vince,Valerio,vvalerio54@stanford.edu,Male,67358,Research and Development,12/29/2012
186,mdisley55,Maurits,Disley,mdisley55@ow.ly,Female,73162,Engineering,12/2/2017
187,ydavidove56,Yvonne,Davidove,ydavidove56@who.int,Male,82866,Support,9/8/2017
188,arockwell57,Adolphus,Rockwell,arockwell57@dailymotion.com,Female,60808,Accounting,8/15/2019
189,kcullerne58,Katti,Cullerne,kcullerne58@zdnet.com,Female,90131,Engineering,10/31/2014
190,vtriswell59,Valentin,Triswell,vtriswell59@unblog.fr,Female,51566,Research and Development,1/27/2010
191,gbrandoni5a,Genni,Brandoni,gbrandoni5a@salon.com,Female,74927,Marketing,3/2/2020
192,mbydaway5b,Melvyn,Bydaway,mbydaway5b@usa.gov,Female,64389,Marketing,3/1/2013
193,wschnieder5c,Wynn,Schnieder,wschnieder5c@dyndns.org,Female,89693,Research and Development,5/31/2020
194,hcrafts5d,Heddie,Crafts,hcrafts5d@tuttocitta.it,Female,69523,Engineering,5/4/2010
195,ghaley5e,Garrek,Haley,ghaley5e@bizjournals.com,Female,81481,Training,4/4/2009
196,rpenkman5f,Rosella,Penkman,rpenkman5f@yahoo.com,Female,58328,Accounting,5/16/2009
197,gmacneillie5g,Giovanni,MacNeillie,gmacneillie5g@ucsd.edu,Male,38109,Business Development,8/31/2011
198,fduff5h,Forrest,Duff,fduff5h@t.co,Female,43015,Product Management,3/13/2013
199,dduetschens5i,Denice,Duetschens,dduetschens5i@usa.gov,Male,65412,Training,2/7/2018
200,mmclucky5j,Marv,McLucky,mmclucky5j@mediafire.com,Male,76794,Support,11/6/2008
201,rharkness5k,Renato,Harkness,rharkness5k@reverbnation.com,Male,84379,Business Development,8/6/2010
202,hslaney5l,Hanny,Slaney,hslaney5l@aboutads.info,Male,60244,Sales,3/18/2011
203,rnorville5m,Reeva,Norville,rnorville5m@sbwire.com,Female,68975,Training,7/18/2010
204,hmcevay5n,Hannie,McEvay,hmcevay5n@imageshack.us,Male,91025,Support,10/25/2016
205,tegar5o,Tucker,Egar,tegar5o@dot.gov,Male,72845,Engineering,11/7/2012
206,amacquaker5p,Aharon,MacQuaker,amacquaker5p@google.nl,Female,78300,Sales,11/26/2019
207,ecarletto5q,Emery,Carletto,ecarletto5q@ning.com,Female,66884,Human Resources,5/15/2012
208,mgolson5r,Meryl,Golson,mgolson5r@dagondesign.com,Male,83984,Services,12/5/2011
209,kwinchester5s,Kizzie,Winchester,kwinchester5s@lycos.com,Female,91551,Training,5/20/2012
210,bmadsen5t,Bea,Madsen,bmadsen5t@bing.com,Female,82611,Product Management,10/21/2011
211,ckleinschmidt5u,Cher,Kleinschmidt,ckleinschmidt5u@histats.com,Female,83895,Research and Development,10/7/2015
212,veadon5v,Vernice,Eadon,veadon5v@mozilla.org,Male,76583,Engineering,4/20/2019
213,bnusche5w,Brett,Nusche,bnusche5w@hao123.com,Female,77699,Accounting,11/10/2010
214,habeau5x,Ham,Abeau,habeau5x@theglobeandmail.com,Female,66196,Business Development,11/1/2012
215,sdewi5y,Sheilah,Dewi,sdewi5y@phpbb.com,Female,50304,Human Resources,9/7/2018
216,fgilroy5z,Frayda,Gilroy,fgilroy5z@sun.com,Female,36679,Accounting,12/3/2016
217,gbowlands60,Gabie,Bowlands,gbowlands60@time.com,Female,60865,Engineering,7/1/2012
218,jmatushenko61,Jeane,Matushenko,jmatushenko61@biblegateway.com,Male,88518,Engineering,7/4/2014
219,rjurczik62,Rollie,Jurczik,rjurczik62@exblog.jp,Female,66446,Accounting,5/31/2019
220,smacmeanma63,Sloane,MacMeanma,smacmeanma63@nationalgeographic.com,Male,74077,Training,10/25/2010
221,jcritch64,Jecho,Critch,jcritch64@hc360.com,Male,89228,Sales,4/5/2018
222,mplaide65,Marcella,Plaide,mplaide65@blog.com,Male,66190,Services,4/4/2010
223,eholburn66,Eda,Holburn,eholburn66@army.mil,Male,45117,Research and Development,12/23/2010
224,gdurston67,Gregory,Durston,gdurston67@bluehost.com,Male,69184,Training,10/17/2012
225,rlocker68,Rutledge,Locker,rlocker68@hc360.com,Female,42639,Legal,4/13/2011
226,jbuglar69,Jo-anne,Buglar,jbuglar69@taobao.com,Male,43551,Training,8/14/2016
227,bwaliszewski6a,Blondy,Waliszewski,bwaliszewski6a@sfgate.com,Female,93620,Sales,7/15/2019
228,jcortes6b,Jesse,Cortes,jcortes6b@cisco.com,Male,72799,Sales,7/18/2019
229,tperkins6c,Tymon,Perkins,tperkins6c@seesaa.net,Female,74408,Business Development,10/17/2010
230,cnazaret6d,Clarissa,Nazaret,cnazaret6d@friendfeed.com,Male,54905,Services,6/26/2018
231,rorpwood6e,Rene,Orpwood,rorpwood6e@biglobe.ne.jp,Female,71906,Accounting,10/2/2018
232,gketts6f,Gayler,Ketts,gketts6f@buzzfeed.com,Female,93631,Accounting,2/23/2016
233,rmathiot6g,Roobbie,Mathiot,rmathiot6g@google.pl,Male,81324,Human Resources,6/7/2019
234,mreston6h,Martynne,Reston,mreston6h@rakuten.co.jp,Female,67245,Accounting,7/5/2015
235,bvandriel6i,Bryant,Van Driel,bvandriel6i@fc2.com,Male,60365,Training,10/5/2018
236,aesland6j,Austin,Esland,aesland6j@tumblr.com,Female,52949,Research and Development,11/1/2014
237,kcosgrive6k,Kippy,Cosgrive,kcosgrive6k@gizmodo.com,Female,68683,Engineering,5/26/2019
238,tshinton6l,Toddy,Shinton,tshinton6l@unblog.fr,Female,66656,Marketing,5/19/2018
239,modrought6m,Merv,O'Drought,modrought6m@nih.gov,Male,87003,Legal,11/24/2009
240,bhymer6n,Betsy,Hymer,bhymer6n@youku.com,Female,61326,Services,3/26/2010
241,mmantrup6o,Modesty,Mantrup,mmantrup6o@unc.edu,Female,67999,Business Development,7/21/2011
242,byandell6p,Breena,Yandell,byandell6p@vimeo.com,Male,68242,Engineering,10/24/2017
243,metock6q,Mead,Etock,metock6q@imdb.com,Male,93169,Training,9/25/2013
244,hclericoates6r,Hamil,Clericoates,hclericoates6r@japanpost.jp,Male,56420,Business Development,6/26/2019
245,blejeune6s,Bail,Lejeune,blejeune6s@constantcontact.com,Female,84470,Sales,7/14/2009
246,krankine6t,Kerr,Rankine,krankine6t@edublogs.org,Female,61800,Accounting,2/27/2013
247,klubbock6u,Kippy,Lubbock,klubbock6u@free.fr,Male,68303,Product Management,6/27/2016
248,jzorzetti6v,Jakie,Zorzetti,jzorzetti6v@rambler.ru,Male,69067,Sales,2/27/2019
249,rsilverstone6w,Raddie,Silverstone,rsilverstone6w@barnesandnoble.com,Female,84309,Legal,7/5/2013
250,tgiurio6x,Tybalt,Giurio,tgiurio6x@blogs.com,Female,60522,Human Resources,1/18/2015
251,ghiggonet6y,Ginnifer,Higgonet,ghiggonet6y@sohu.com,Female,63285,Engineering,10/16/2008
252,bgoby6z,Bernadine,Goby,bgoby6z@opera.com,Female,94397,Sales,7/2/2013
253,pmickelwright70,Pincus,Mickelwright,pmickelwright70@state.gov,Female,75729,Product Management,8/4/2009
254,kreinbach71,Kenneth,Reinbach,kreinbach71@cyberchimps.com,Male,40509,Services,7/26/2009
255,kmaydwell72,Korry,Maydwell,kmaydwell72@google.pl,Male,79816,Engineering,6/29/2012
256,mmcilwrath73,Malissia,McIlwrath,mmcilwrath73@va.gov,Female,81702,Business Development,10/9/2019
257,dgreschik74,Demetra,Greschik,dgreschik74@tumblr.com,Female,44528,Legal,8/21/2008
258,loakwood75,Lura,Oakwood,loakwood75@ca.gov,Female,42186,Sales,1/5/2009
259,rziemke76,Rebeka,Ziemke,rziemke76@themeforest.net,Male,79021,Business Development,5/31/2011
260,eharraway77,Eustace,Harraway,eharraway77@csmonitor.com,Female,92923,Support,2/25/2017
261,agrumbridge78,Alister,Grumbridge,agrumbridge78@answers.com,Female,63969,Accounting,9/12/2016
262,ederechter79,Elisabet,De Rechter,ederechter79@themeforest.net,Male,63472,Support,3/3/2011
263,ibearsmore7a,Irena,Bearsmore,ibearsmore7a@godaddy.com,Male,80264,Engineering,1/11/2015
264,oelfe7b,Olag,Elfe,oelfe7b@php.net,Male,83088,Accounting,9/18/2011
265,mgaiger7c,Micheal,Gaiger,mgaiger7c@huffingtonpost.com,Female,89279,Accounting,2/23/2019
266,gpaullin7d,Gwendolyn,Paullin,gpaullin7d@ocn.ne.jp,Female,60508,Support,10/22/2009
267,kcovolini7e,Kort,Covolini,kcovolini7e@ezinearticles.com,Male,84828,Research and Development,3/19/2012
268,nlaxtonne7f,Nevil,Laxtonne,nlaxtonne7f@wired.com,Male,68273,Research and Development,6/22/2015
269,jregorz7g,Jilly,Regorz,jregorz7g@biblegateway.com,Male,91619,Services,9/12/2013
270,fsheather7h,Fidelio,Sheather,fsheather7h@prweb.com,Female,94711,Research and Development,1/9/2017
271,pgandrich7i,Patrizio,Gandrich,pgandrich7i@mayoclinic.com,Male,48152,Accounting,12/8/2014
272,tgianullo7j,Theodor,Gianullo,tgianullo7j@delicious.com,Female,65655,Training,12/10/2009
273,dbentote7k,Dalia,Bentote,dbentote7k@drupal.org,Female,74558,Product Management,9/10/2017
274,vdowker7l,Verine,Dowker,vdowker7l@slideshare.net,Male,50227,Legal,4/22/2019
275,mwinsor7m,Micheal,Winsor,mwinsor7m@yellowpages.com,Male,89388,Accounting,1/1/2015
276,iplan7n,Isabeau,Plan,iplan7n@instagram.com,Female,76245,Research and Development,10/13/2014
277,asmouten7o,Ancell,Smouten,asmouten7o@earthlink.net,Female,47328,Research and Development,2/14/2018
278,challgath7p,Cesaro,Hallgath,challgath7p@springer.com,Female,92112,Sales,7/6/2018
279,fgullan7q,Frasco,Gullan,fgullan7q@cafepress.com,Female,51162,Legal,6/26/2009
280,mburtwell7r,Mason,Burtwell,mburtwell7r@smugmug.com,Male,94747,Support,4/2/2014
281,ckilvington7s,Cozmo,Kilvington,ckilvington7s@discuz.net,Male,61668,Sales,3/9/2015
282,cpoinsett7t,Cesaro,Poinsett,cpoinsett7t@goo.gl,Female,83069,Marketing,5/14/2020
283,mjancy7u,Missy,Jancy,mjancy7u@archive.org,Female,94214,Legal,5/5/2020
284,xfratson7v,Xylina,Fratson,xfratson7v@google.com.au,Female,85493,Business Development,4/5/2012
285,kderechter7w,Kristoffer,De Rechter,kderechter7w@soundcloud.com,Male,84060,Product Management,4/22/2011
286,ppaprotny7x,Phillipp,Paprotny,ppaprotny7x@nyu.edu,Female,76978,Services,11/20/2012
287,naxel7y,Ninetta,Axel,naxel7y@usda.gov,Female,64066,Legal,2/26/2009
288,wcurds7z,Walker,Curds,wcurds7z@flickr.com,Female,55026,Research and Development,4/10/2017
289,lfrayling80,Lisetta,Frayling,lfrayling80@utexas.edu,Female,93838,Product Management,1/11/2019
290,edawney81,Edwin,Dawney,edawney81@pagesperso-orange.fr,Male,72802,Engineering,6/21/2015
291,sfawloe82,Salim,Fawloe,sfawloe82@craigslist.org,Male,45993,Human Resources,12/7/2019
292,hjest83,Helsa,Jest,hjest83@cnn.com,Male,45933,Engineering,5/25/2012
293,mbothams84,Merv,Bothams,mbothams84@disqus.com,Female,72199,Training,1/25/2012
294,gbastable85,Gabriel,Bastable,gbastable85@friendfeed.com,Male,61899,Research and Development,3/3/2019
295,nsmewing86,Nona,Smewing,nsmewing86@theglobeandmail.com,Male,72285,Marketing,7/21/2019
296,njohnson87,Nelli,Johnson,njohnson87@smh.com.au,Female,89690,Business Development,6/12/2019
297,gsemorad88,Geno,Semorad,gsemorad88@psu.edu,Male,58887,Accounting,4/5/2018
298,ljealous89,Luz,Jealous,ljealous89@tiny.cc,Male,72941,Accounting,12/5/2015
299,bmcentee8a,Bryn,McEntee,bmcentee8a@sakura.ne.jp,Male,64888,Marketing,8/9/2011
300,egantley8b,Edeline,Gantley,egantley8b@github.io,Female,64409,Training,1/13/2012
301,tdugood8c,Tanny,Dugood,tdugood8c@bbb.org,Female,41008,Accounting,4/1/2018
302,hfoystone8d,Harlie,Foystone,hfoystone8d@chron.com,Female,46738,Business Development,10/24/2018
303,cdorning8e,Corabel,Dorning,cdorning8e@hibu.com,Female,40955,Accounting,8/12/2009
304,eharmond8f,Edita,Harmond,eharmond8f@studiopress.com,Male,92477,Accounting,7/3/2016
305,cmaseres8g,Christabel,Maseres,cmaseres8g@disqus.com,Male,36241,Marketing,2/13/2019
306,mskottle8h,Marvin,Skottle,mskottle8h@senate.gov,Male,76886,Services,7/25/2012
307,dsoall8i,Diana,Soall,dsoall8i@wix.com,Female,75147,Sales,5/25/2012
308,sfranscioni8j,Saxe,Franscioni,sfranscioni8j@homestead.com,Male,60967,Training,1/13/2013
309,sdalgety8k,Shermie,Dalgety,sdalgety8k@last.fm,Female,67044,Accounting,10/4/2008
310,ltodarini8l,Lilian,Todarini,ltodarini8l@free.fr,Female,69444,Legal,8/9/2011
311,gadie8m,Ginnie,Adie,gadie8m@shutterfly.com,Male,67591,Human Resources,10/19/2010
312,akrates8n,Anni,Krates,akrates8n@latimes.com,Male,36172,Services,2/3/2018
313,dmckeevers8o,Darlleen,McKeevers,dmckeevers8o@si.edu,Female,82484,Support,9/14/2014
314,jrounsefell8p,Janene,Rounsefell,jrounsefell8p@ebay.com,Male,79342,Accounting,9/16/2011
315,sjermyn8q,Stevena,Jermyn,sjermyn8q@sbwire.com,Male,54529,Sales,5/6/2018
316,cmildner8r,Concettina,Mildner,cmildner8r@dion.ne.jp,Female,73215,Training,7/22/2019
317,fgreetland8s,Fania,Greetland,fgreetland8s@mozilla.org,Female,77057,Product Management,12/9/2013
318,nclinkard8t,Noelani,Clinkard,nclinkard8t@wikipedia.org,Male,83557,Product Management,8/9/2013
319,mhuxstep8u,Mordecai,Huxstep,mhuxstep8u@com.com,Male,66745,Services,4/20/2009
320,scamoys8v,Shaina,Camoys,scamoys8v@360.cn,Female,72006,Human Resources,1/21/2014
321,wbreslau8w,Wadsworth,Breslau,wbreslau8w@independent.co.uk,Male,63853,Training,7/28/2015
322,tmaccaig8x,Ted,MacCaig,tmaccaig8x@springer.com,Male,81550,Accounting,9/24/2019
323,obarracks8y,Orly,Barracks,obarracks8y@themeforest.net,Female,66849,Research and Development,8/6/2012
324,cville8z,Cherry,Ville,cville8z@php.net,Female,55626,Marketing,12/4/2012
325,jlamey90,Jonas,Lamey,jlamey90@mayoclinic.com,Female,57826,Engineering,12/21/2011
326,hheaffey91,Hatti,Heaffey,hheaffey91@dyndns.org,Female,93671,Training,6/19/2016
327,bcansfield92,Benyamin,Cansfield,bcansfield92@technorati.com,Female,47804,Support,8/11/2020
328,blaughnan93,Bertie,Laughnan,blaughnan93@linkedin.com,Female,88143,Engineering,11/8/2010
329,delgram94,Dell,Elgram,delgram94@ifeng.com,Male,65304,Human Resources,5/24/2009
330,cswalteridge95,Claudius,Swalteridge,cswalteridge95@blogspot.com,Male,64813,Accounting,6/21/2019
331,zporte96,Zitella,Porte,zporte96@ebay.co.uk,Female,83576,Research and Development,10/22/2010
332,vsprulls97,Vanessa,Sprulls,vsprulls97@nps.gov,Female,75302,Sales,1/25/2013
333,nbroyd98,Niki,Broyd,nbroyd98@ihg.com,Male,66044,Marketing,3/11/2012
334,scouzens99,Sherry,Couzens,scouzens99@princeton.edu,Female,68176,Business Development,7/4/2016
335,tjost9a,Thibaut,Jost,tjost9a@amazon.co.uk,Female,69216,Engineering,1/8/2013
336,oknyvett9b,Orel,Knyvett,oknyvett9b@amazon.co.uk,Female,91958,Support,1/12/2017
337,citzhaiek9c,Constantine,Itzhaiek,citzhaiek9c@aol.com,Female,90080,Marketing,6/9/2011
338,smaccome9d,Sean,MacCome,smaccome9d@xing.com,Female,38920,Support,12/28/2016
339,lbawle9e,Lauren,Bawle,lbawle9e@a8.net,Male,75038,Services,10/27/2011
340,dhinsche9f,Delmor,Hinsche,dhinsche9f@irs.gov,Male,93350,Engineering,6/26/2009
341,tprobet9g,Travis,Probet,tprobet9g@elpais.com,Male,82218,Accounting,12/13/2010
342,jrowthorn9h,Jacquelyn,Rowthorn,jrowthorn9h@aboutads.info,Male,84344,Product Management,8/24/2009
343,jdefont9i,Juanita,Defont,jdefont9i@webnode.com,Female,35921,Engineering,1/27/2017
344,cmynett9j,Curr,Mynett,cmynett9j@prweb.com,Male,77204,Marketing,3/13/2015
345,acortez9k,Angeli,Cortez,acortez9k@salon.com,Male,83694,Support,1/28/2016
346,lantonich9l,Lorinda,Antonich,lantonich9l@china.com.cn,Male,85569,Training,2/4/2016
347,hgoneau9m,Helsa,Goneau,hgoneau9m@webnode.com,Male,74933,Accounting,12/6/2011
348,doddboy9n,Desiree,Oddboy,doddboy9n@va.gov,Male,91440,Marketing,1/22/2018
349,mpaddie9o,Maridel,Paddie,mpaddie9o@chicagotribune.com,Male,52082,Support,6/24/2015
350,bfurse9p,Brittni,Furse,bfurse9p@hud.gov,Female,59579,Legal,11/16/2012
351,ccamacho9q,Collette,Camacho,ccamacho9q@ask.com,Female,74149,Legal,2/18/2013
352,eraggatt9r,Emanuele,Raggatt,eraggatt9r@cocolog-nifty.com,Male,36277,Product Management,9/6/2009
353,tshorie9s,Tomasina,Shorie,tshorie9s@mapquest.com,Male,61131,Services,6/7/2010
354,smoorerud9t,Sindee,Moorerud,smoorerud9t@friendfeed.com,Male,58514,Research and Development,1/25/2017
355,tbails9u,Town,Bails,tbails9u@youtube.com,Female,91552,Business Development,11/11/2016
356,ndundon9v,Nathan,Dundon,ndundon9v@samsung.com,Male,52117,Legal,11/26/2017
357,tauger9w,Taddeusz,Auger,tauger9w@cnn.com,Male,80917,Accounting,10/22/2011
358,dboog9x,Deanne,Boog,dboog9x@arstechnica.com,Male,57703,Business Development,9/10/2011
359,hdood9y,Herbert,Dood,hdood9y@ebay.com,Male,63375,Engineering,4/6/2014
360,orainger9z,Orton,Rainger,orainger9z@vk.com,Male,35300,Research and Development,5/7/2009
361,bviveasha0,Bowie,Viveash,bviveasha0@chronoengine.com,Female,93542,Accounting,1/9/2012
362,cwallagea1,Caddric,Wallage,cwallagea1@ask.com,Female,81911,Services,9/4/2015
363,cniesea2,Cordell,Niese,cniesea2@github.com,Male,41986,Training,12/11/2017
364,ahallifaxa3,Angelique,Hallifax,ahallifaxa3@github.io,Female,74777,Business Development,10/17/2013
365,ttathama4,Tobye,Tatham,ttathama4@seattletimes.com,Male,73769,Sales,1/26/2009
366,mlatchforda5,Markus,Latchford,mlatchforda5@networksolutions.com,Female,65499,Business Development,12/4/2018
367,dcoverdalea6,Damiano,Coverdale,dcoverdalea6@a8.net,Male,74305,Training,9/18/2008
368,kgoshawkea7,Klaus,Goshawke,kgoshawkea7@drupal.org,Male,63025,Human Resources,6/3/2015
369,ghorrigana8,Goldie,Horrigan,ghorrigana8@slate.com,Female,88994,Legal,8/5/2016
370,ntravesa9,Ninnette,Traves,ntravesa9@mac.com,Male,52622,Engineering,2/28/2014
371,cwinstonaa,Codi,Winston,cwinstonaa@eventbrite.com,Female,74358,Services,2/12/2011
372,ecrombieab,Else,Crombie,ecrombieab@virginia.edu,Male,65169,Engineering,7/7/2013
373,ecawoodac,Elmer,Cawood,ecawoodac@globo.com,Male,76494,Research and Development,7/23/2010
374,fattridead,Flor,Attride,fattridead@nhs.uk,Female,82571,Business Development,4/6/2012
375,vaddyae,Vere,Addy,vaddyae@abc.net.au,Male,50353,Engineering,4/14/2019
376,mwethersaf,Melitta,Wethers,mwethersaf@opensource.org,Male,75775,Accounting,5/23/2017
377,dlangtonag,Dell,Langton,dlangtonag@scribd.com,Male,86414,Product Management,11/30/2013
378,gringah,Glyn,Ring,gringah@webmd.com,Female,43586,Legal,12/30/2011
379,rollandai,Reg,Olland,rollandai@mac.com,Male,71800,Product Management,2/25/2017
380,gyeellaj,Gardener,Yeell,gyeellaj@is.gd,Male,68674,Research and Development,9/28/2015
381,vcurmiak,Vanessa,Curmi,vcurmiak@sohu.com,Female,75900,Product Management,9/22/2018
382,ahallattal,Alina,Hallatt,ahallattal@marriott.com,Male,47965,Sales,10/12/2016
383,zhradskyam,Zedekiah,Hradsky,zhradskyam@newyorker.com,Female,82106,Marketing,5/26/2012
384,cbwyan,Cory,Bwy,cbwyan@xrea.com,Male,64457,Accounting,5/25/2017
385,cnajafianao,Crichton,Najafian,cnajafianao@umich.edu,Male,91179,Product Management,2/1/2020
386,agibardap,Arlinda,Gibard,agibardap@utexas.edu,Female,54333,Services,7/29/2015
387,lkhominaq,Layla,Khomin,lkhominaq@dailymotion.com,Male,82163,Support,2/17/2018
388,kcostardar,Karlotte,Costard,kcostardar@theatlantic.com,Female,47153,Accounting,11/24/2012
389,jwoodnuttas,Jolene,Woodnutt,jwoodnuttas@vk.com,Female,63638,Research and Development,5/22/2013
390,goxherdat,Gale,Oxherd,goxherdat@accuweather.com,Female,88913,Accounting,7/5/2011
391,eportrissau,Esteban,Portriss,eportrissau@google.fr,Female,48597,Marketing,5/11/2013
392,hdecourseyav,Harmonia,De Coursey,hdecourseyav@buzzfeed.com,Female,88294,Engineering,2/23/2011
393,eshellibeeraw,Eldridge,Shellibeer,eshellibeeraw@creativecommons.org,Female,90610,Legal,2/25/2018
394,aklainmanax,Ashlie,Klainman,aklainmanax@angelfire.com,Female,84221,Product Management,10/27/2008
395,mdranceay,Maighdiln,Drance,mdranceay@vimeo.com,Female,40847,Support,12/7/2012
396,tkahleraz,Terencio,Kahler,tkahleraz@craigslist.org,Male,81497,Product Management,6/16/2016
397,lgooddyb0,Laetitia,Gooddy,lgooddyb0@techcrunch.com,Female,79990,Engineering,7/23/2013
398,mculrossb1,Marylou,Culross,mculrossb1@slideshare.net,Female,83083,Sales,1/7/2018
399,horsmanb2,Hodge,Orsman,horsmanb2@ameblo.jp,Female,63944,Marketing,2/12/2020
400,bruosb3,Brittney,Ruos,bruosb3@amazon.com,Female,73026,Accounting,8/22/2011
401,mfrowenb4,Minda,Frowen,mfrowenb4@tumblr.com,Female,73645,Research and Development,4/25/2013
402,tmatterdaceb5,Tudor,Matterdace,tmatterdaceb5@twitpic.com,Female,77079,Product Management,2/19/2011
403,zsiretb6,Zackariah,Siret,zsiretb6@arizona.edu,Male,94531,Sales,6/11/2010
404,hgeroldob7,Heidi,Geroldo,hgeroldob7@census.gov,Female,65096,Training,8/29/2017
405,amonneryb8,Angelle,Monnery,amonneryb8@google.co.jp,Female,53064,Human Resources,9/1/2015
406,hcowndenb9,Hillyer,Cownden,hcowndenb9@bloomberg.com,Female,82523,Sales,12/12/2019
407,ghullinsba,Gerome,Hullins,ghullinsba@chronoengine.com,Male,91926,Research and Development,3/19/2012
408,wlemoucheuxbb,Wynn,Le Moucheux,wlemoucheuxbb@japanpost.jp,Male,85254,Engineering,9/14/2008
409,dzanazzibc,Deerdre,Zanazzi,dzanazzibc@google.com.br,Female,39183,Training,6/6/2016
410,tramelotbd,Terza,Ramelot,tramelotbd@google.co.uk,Female,43731,Accounting,8/29/2013
411,slalondebe,Sheila-kathryn,Lalonde,slalondebe@a8.net,Female,36846,Legal,5/13/2009
412,bscutterbf,Brigg,Scutter,bscutterbf@newsvine.com,Male,94162,Accounting,11/20/2009
413,egainsburybg,Esther,Gainsbury,egainsburybg@live.com,Male,73144,Sales,12/19/2016
414,sdemicolibh,Stillman,De Micoli,sdemicolibh@blog.com,Female,65301,Accounting,4/19/2018
415,cbroaderbi,Clemmy,Broader,cbroaderbi@squarespace.com,Female,61038,Accounting,1/12/2016
416,jswafieldbj,Josephina,Swafield,jswafieldbj@ucsd.edu,Male,61837,Support,9/21/2016
417,lbitchenobk,Lu,Bitcheno,lbitchenobk@tumblr.com,Female,75308,Human Resources,10/9/2012
418,umanifieldbl,Ulberto,Manifield,umanifieldbl@businesswire.com,Female,38925,Services,12/3/2012
419,kgeartybm,Keen,Gearty,kgeartybm@php.net,Female,67117,Research and Development,5/31/2019
420,bbicklebn,Biron,Bickle,bbicklebn@pinterest.com,Female,57403,Research and Development,7/24/2020
421,cjoinsonbo,Carey,Joinson,cjoinsonbo@opera.com,Female,80072,Accounting,1/13/2018
422,fbirtchnellbp,Foss,Birtchnell,fbirtchnellbp@narod.ru,Female,86692,Services,3/20/2015
423,mtyrrellbq,Manon,Tyrrell,mtyrrellbq@github.io,Female,64243,Legal,2/23/2011
424,lwickrathbr,Lauraine,Wickrath,lwickrathbr@mtv.com,Male,69192,Product Management,6/5/2009
425,kboyingtonbs,Kristin,Boyington,kboyingtonbs@home.pl,Female,89944,Training,11/26/2017
426,gdalgarnowchbt,Gregoor,Dalgarnowch,gdalgarnowchbt@hubpages.com,Male,85799,Human Resources,2/21/2018
427,smclisebu,Svend,McLise,smclisebu@nbcnews.com,Female,68678,Accounting,11/28/2009
428,mhambv,Moss,Ham,mhambv@cloudflare.com,Male,75180,Marketing,1/7/2019
429,wbingbw,Whitney,Bing,wbingbw@shop-pro.jp,Male,50885,Sales,6/28/2016
430,gpohlakbx,Gib,Pohlak,gpohlakbx@cdc.gov,Female,74157,Product Management,10/21/2019
431,rgladebeckby,Raimondo,Gladebeck,rgladebeckby@google.com,Female,92301,Human Resources,12/28/2014
432,fcollisterbz,Frasier,Collister,fcollisterbz@nature.com,Male,82802,Research and Development,9/1/2015
433,tsavinsc0,Thacher,Savins,tsavinsc0@meetup.com,Male,41081,Legal,11/10/2015
434,wweighc1,Weider,Weigh,wweighc1@baidu.com,Male,70413,Human Resources,8/20/2013
435,krheamc2,Kamilah,Rheam,krheamc2@yolasite.com,Female,63194,Services,6/2/2009
436,hceneyc3,Hilario,Ceney,hceneyc3@ihg.com,Female,45521,Research and Development,7/11/2009
437,ceberzc4,Corena,Eberz,ceberzc4@arizona.edu,Male,81028,Support,3/29/2014
438,amaccrackenc5,Aldridge,MacCracken,amaccrackenc5@diigo.com,Male,42361,Marketing,7/15/2020
439,hmonkleighc6,Hortense,Monkleigh,hmonkleighc6@privacy.gov.au,Male,93904,Training,1/17/2016
440,bbelwardc7,Barbee,Belward,bbelwardc7@ox.ac.uk,Female,43009,Services,4/9/2018
441,wsnellc8,Wally,Snell,wsnellc8@phoca.cz,Female,35567,Business Development,12/29/2012
442,grolfinic9,Gwenni,Rolfini,grolfinic9@netscape.com,Male,74347,Training,3/18/2018
443,bfinnimoreca,Bonny,Finnimore,bfinnimoreca@simplemachines.org,Female,84317,Support,3/20/2019
444,tburnsellcb,Tam,Burnsell,tburnsellcb@marketwatch.com,Male,82329,Research and Development,3/31/2013
445,fthowcc,Findley,Thow,fthowcc@gnu.org,Male,72856,Accounting,7/8/2017
446,tjobincd,Tam,Jobin,tjobincd@weebly.com,Female,54329,Support,7/17/2016
447,cbohince,Corliss,Bohin,cbohince@stanford.edu,Male,81978,Support,5/8/2015
448,kferraroncf,Kalie,Ferraron,kferraroncf@wunderground.com,Male,55731,Product Management,4/14/2014
449,cmatussowcg,Consuelo,Matussow,cmatussowcg@ftc.gov,Male,60328,Training,10/4/2010
450,lbendallch,Lonnie,Bendall,lbendallch@i2i.jp,Male,76749,Marketing,12/2/2015
451,dgornarci,Debby,Gornar,dgornarci@marriott.com,Female,85132,Services,10/19/2017
452,wchorltoncj,Warren,Chorlton,wchorltoncj@msn.com,Male,46510,Support,1/1/2009
453,dchamberlainck,Darci,Chamberlain,dchamberlainck@yale.edu,Female,44899,Engineering,7/4/2009
454,bcharopencl,Beltran,Charopen,bcharopencl@ameblo.jp,Male,83727,Legal,6/27/2014
455,esummerfieldcm,Eba,Summerfield,esummerfieldcm@t.co,Female,85615,Research and Development,9/19/2010
456,akochcn,Antoni,Koch,akochcn@amazon.com,Male,73594,Engineering,8/29/2016
457,pobroganeco,Pattin,O'Brogane,pobroganeco@mapquest.com,Male,90286,Human Resources,12/26/2016
458,irolancecp,Irwin,Rolance,irolancecp@cbc.ca,Female,83277,Product Management,1/17/2016
459,lfilpocq,Lurette,Filpo,lfilpocq@adobe.com,Male,76380,Engineering,3/21/2015
460,dditzelcr,Davidde,Ditzel,dditzelcr@google.ca,Female,42353,Research and Development,4/8/2014
461,kugolettics,Karleen,Ugoletti,kugolettics@odnoklassniki.ru,Male,64536,Legal,8/13/2013
462,hollivect,Harley,Ollive,hollivect@skyrock.com,Male,75455,Engineering,3/22/2020
463,jadshadcu,Jenilee,Adshad,jadshadcu@alibaba.com,Female,58038,Support,3/23/2013
464,asabertoncv,Aldus,Saberton,asabertoncv@webs.com,Female,68098,Accounting,12/24/2014
465,hfendlowcw,Hyacintha,Fendlow,hfendlowcw@uol.com.br,Male,43019,Product Management,8/28/2019
466,tdensumbecx,Tye,Densumbe,tdensumbecx@webeden.co.uk,Female,73474,Services,1/6/2019
467,fhackeycy,Ferrell,Hackey,fhackeycy@statcounter.com,Male,70024,Services,12/5/2013
468,sbaignardcz,Shanda,Baignard,sbaignardcz@cocolog-nifty.com,Male,82321,Business Development,1/3/2011
469,gmapesd0,Gregorio,Mapes,gmapesd0@marriott.com,Male,90993,Product Management,7/8/2019
470,mtinklind1,Micky,Tinklin,mtinklind1@desdev.cn,Male,76773,Research and Development,4/27/2014
471,kgrigsond2,Kristy,Grigson,kgrigsond2@buzzfeed.com,Male,42538,Sales,3/15/2012
472,mcreevyd3,Manfred,Creevy,mcreevyd3@unc.edu,Male,60150,Sales,5/26/2020
473,vguiud4,Viviene,Guiu,vguiud4@craigslist.org,Female,76271,Accounting,3/10/2020
474,japrild5,Janifer,April,japrild5@ebay.co.uk,Female,36536,Support,1/18/2020
475,kdoutchd6,Keven,Doutch,kdoutchd6@amazon.com,Male,83680,Human Resources,11/6/2012
476,jalenovd7,Jasper,Alenov,jalenovd7@jalbum.net,Female,62500,Product Management,8/17/2015
477,mnarramord8,Mag,Narramor,mnarramord8@telegraph.co.uk,Female,60241,Legal,7/31/2014
478,cpotapczukd9,Chevy,Potapczuk,cpotapczukd9@oakley.com,Male,38084,Engineering,3/17/2019
479,bravenscroftda,Brenn,Ravenscroft,bravenscroftda@1und1.de,Male,82093,Training,2/8/2010
480,tprinedb,Townie,Prine,tprinedb@fda.gov,Male,71703,Support,11/26/2008
481,pscardifeilddc,Palm,Scardifeild,pscardifeilddc@csmonitor.com,Male,84592,Support,4/23/2014
482,cgrimsdykedd,Catie,Grimsdyke,cgrimsdykedd@yahoo.co.jp,Male,69825,Business Development,7/20/2017
483,kandrivelde,Kippy,Andrivel,kandrivelde@topsy.com,Male,72441,Marketing,12/22/2009
484,gevesquedf,Godfree,Evesque,gevesquedf@forbes.com,Female,81376,Business Development,6/7/2009
485,vseywooddg,Velma,Seywood,vseywooddg@earthlink.net,Male,79765,Services,10/10/2011
486,kklassmanndh,Kassi,Klassmann,kklassmanndh@fda.gov,Male,62460,Business Development,3/21/2014
487,rdartdi,Reider,Dart,rdartdi@weibo.com,Male,80250,Legal,12/1/2016
488,mkalbdj,Malorie,Kalb,mkalbdj@discuz.net,Male,78469,Training,10/19/2015
489,ctraheardk,Chester,Trahear,ctraheardk@kickstarter.com,Female,77965,Services,12/20/2011
490,kgoggandl,Kenon,Goggan,kgoggandl@bbb.org,Male,37574,Sales,5/18/2014
491,csprulldm,Carolann,Sprull,csprulldm@sourceforge.net,Female,57518,Legal,9/27/2010
492,abunkledn,Angelita,Bunkle,abunkledn@arstechnica.com,Female,62469,Support,7/5/2012
493,skemmdo,Sile,Kemm,skemmdo@pinterest.com,Female,78128,Legal,6/6/2014
494,apinnigardp,Arabela,Pinnigar,apinnigardp@tuttocitta.it,Male,84669,Human Resources,10/19/2013
495,ltrinerdq,Louis,Triner,ltrinerdq@pbs.org,Female,76392,Engineering,7/25/2014
496,aosmonddr,Andros,Osmond,aosmonddr@addtoany.com,Male,68312,Research and Development,6/1/2011
497,jdickeyds,Josefa,Dickey,jdickeyds@edublogs.org,Female,62141,Business Development,3/22/2016
498,astivensdt,Albertine,Stivens,astivensdt@behance.net,Female,49644,Product Management,10/28/2016
499,jcolbertsondu,Jenda,Colbertson,jcolbertsondu@networksolutions.com,Female,79044,Research and Development,11/29/2009
500,eadawaydv,Edan,Adaway,eadawaydv@canalblog.com,Male,47803,Product Management,4/2/2018
501,hsmythedw,Harriet,Smythe,hsmythedw@ezinearticles.com,Female,64552,Sales,5/19/2012
502,larringtondx,Luciano,Arrington,larringtondx@noaa.gov,Male,83740,Accounting,2/23/2020
503,ksweetsurdy,Kristin,Sweetsur,ksweetsurdy@typepad.com,Male,65081,Training,6/4/2015
504,srzehordz,Stearne,Rzehor,srzehordz@yellowbook.com,Male,71363,Sales,10/21/2011
505,ayouteade0,Alphonse,Youtead,ayouteade0@merriam-webster.com,Male,84201,Training,8/26/2010
506,bhuggille1,Billie,Huggill,bhuggille1@cbslocal.com,Male,94872,Marketing,3/26/2016
507,tmccaughrene2,Thor,McCaughren,tmccaughrene2@free.fr,Female,62265,Business Development,4/27/2012
508,hrakestrawe3,Harriette,Rakestraw,hrakestrawe3@mashable.com,Male,80209,Sales,1/28/2016
509,eheke4,Elvyn,Hek,eheke4@dmoz.org,Female,73013,Training,8/3/2009
510,kunitte5,Kylila,Unitt,kunitte5@yellowpages.com,Female,76876,Training,5/30/2018
511,siacomoe6,Stephana,Iacomo,siacomoe6@nationalgeographic.com,Female,71660,Engineering,10/2/2016
512,adibblee7,Alfredo,Dibble,adibblee7@google.pl,Male,65414,Marketing,4/30/2011
513,kbaymane8,Kerianne,Bayman,kbaymane8@chron.com,Male,78636,Research and Development,7/7/2013
514,mbielbye9,Meredith,Bielby,mbielbye9@thetimes.co.uk,Female,68827,Product Management,5/1/2012
515,awitchardea,Arel,Witchard,awitchardea@google.com.br,Male,71699,Sales,8/10/2020
516,gsymmonseb,Gilles,Symmons,gsymmonseb@jugem.jp,Male,44979,Human Resources,6/28/2015
517,hsurbyec,Harriett,Surby,hsurbyec@networksolutions.com,Male,62554,Human Resources,11/5/2008
518,lchurchwarded,Lucille,Churchward,lchurchwarded@twitpic.com,Female,94187,Human Resources,1/30/2018
519,rradborneee,Rory,Radborne,rradborneee@epa.gov,Male,69552,Training,8/26/2008
520,pmaccief,Pattin,Macci,pmaccief@rediff.com,Female,54308,Services,12/28/2011
521,cschollingeg,Calley,Scholling,cschollingeg@amazon.de,Male,60907,Services,4/2/2013
522,gdelapeh,Godfry,Delap,gdelapeh@prnewswire.com,Female,51104,Human Resources,3/1/2018
523,smelinei,Shaine,Melin,smelinei@google.com,Male,52620,Marketing,10/5/2014
524,ehamblingej,Ethan,Hambling,ehamblingej@thetimes.co.uk,Female,74636,Marketing,2/1/2009
525,cstelleek,Charlton,Stelle,cstelleek@prnewswire.com,Male,58464,Product Management,8/21/2014
526,csharrocksel,Clywd,Sharrocks,csharrocksel@businessinsider.com,Male,91928,Sales,8/16/2011
527,lcardooem,Leonanie,Cardoo,lcardooem@123-reg.co.uk,Female,73833,Research and Development,3/2/2010
528,mmccalumen,Marika,McCalum,mmccalumen@instagram.com,Male,53356,Legal,5/2/2010
529,sjoviseo,Starla,Jovis,sjoviseo@bbb.org,Male,84905,Research and Development,10/31/2012
530,pendep,Phebe,End,pendep@ow.ly,Male,93861,Engineering,6/23/2011
531,amchirrieeq,Asia,M'Chirrie,amchirrieeq@paginegialle.it,Female,93710,Human Resources,9/15/2015
532,werieer,Wakefield,Erie,werieer@businessweek.com,Female,80489,Business Development,1/29/2017
533,xhindeses,Xever,Hindes,xhindeses@apple.com,Female,79500,Accounting,11/7/2011
534,jcowpeet,Jody,Cowpe,jcowpeet@etsy.com,Female,54369,Services,10/6/2008
535,eadamsoneu,Evan,Adamson,eadamsoneu@usgs.gov,Male,84479,Sales,9/15/2009
536,vlochranev,Venus,Lochran,vlochranev@boston.com,Female,82251,Product Management,6/28/2018
537,ozanazziew,Owen,Zanazzi,ozanazziew@wsj.com,Male,63122,Support,1/26/2018
538,gjanssonex,Gaelan,Jansson,gjanssonex@eventbrite.com,Female,87896,Accounting,2/17/2020
539,bsyerey,Berni,Syer,bsyerey@hhs.gov,Female,90252,Product Management,2/19/2010
540,rcamilleriez,Rolland,Camilleri,rcamilleriez@ca.gov,Female,81633,Accounting,3/6/2012
541,wfeldheimf0,Weider,Feldheim,wfeldheimf0@harvard.edu,Female,79984,Training,9/9/2014
542,dgullifordf1,Derwin,Gulliford,dgullifordf1@flavors.me,Female,87199,Support,9/21/2008
543,jsulmanf2,Jerad,Sulman,jsulmanf2@dmoz.org,Male,75762,Research and Development,5/9/2019
544,cfyersf3,Clemens,Fyers,cfyersf3@scientificamerican.com,Female,66444,Sales,1/23/2014
545,mbanesf4,Marty,Banes,mbanesf4@constantcontact.com,Female,88030,Marketing,12/23/2014
546,tliddicoatf5,Thain,Liddicoat,tliddicoatf5@dropbox.com,Male,37233,Engineering,6/23/2020
547,fbairdf6,Fabien,Baird,fbairdf6@webnode.com,Female,52300,Legal,12/21/2011
548,zvanderstraatenf7,Zaria,Van Der Straaten,zvanderstraatenf7@so-net.ne.jp,Female,58987,Product Management,11/20/2009
549,cglanisterf8,Caril,Glanister,cglanisterf8@cargocollective.com,Male,54754,Training,9/24/2010
550,arunciemanf9,Alyse,Runcieman,arunciemanf9@symantec.com,Male,58391,Support,6/25/2015
551,dwallbridgefa,Duky,Wallbridge,dwallbridgefa@slideshare.net,Male,40354,Business Development,9/29/2009
552,msimukovfb,Mariam,Simukov,msimukovfb@gmpg.org,Male,77456,Sales,2/13/2015
553,osproulefc,Obadiah,Sproule,osproulefc@zdnet.com,Male,53295,Human Resources,12/24/2015
554,lstollfd,Lorrayne,Stoll,lstollfd@nifty.com,Male,73252,Engineering,5/6/2011
555,nblankleyfe,Nolly,Blankley,nblankleyfe@google.co.uk,Male,74381,Legal,10/9/2016
556,mhubbockff,Mallorie,Hubbock,mhubbockff@sina.com.cn,Male,76532,Sales,7/19/2019
557,sjobeyfg,Sayers,Jobey,sjobeyfg@indiegogo.com,Male,63757,Sales,12/29/2018
558,ekillockfh,Elfreda,Killock,ekillockfh@t.co,Male,63529,Support,3/8/2014
559,jshankfi,Jackie,Shank,jshankfi@myspace.com,Female,84832,Research and Development,4/29/2012
560,ecasleyfj,Elvyn,Casley,ecasleyfj@youtube.com,Male,63894,Services,9/18/2010
561,lsouthousefk,Lemuel,Southouse,lsouthousefk@joomla.org,Female,60305,Product Management,9/8/2013
562,eubsdalefl,Eba,Ubsdale,eubsdalefl@ihg.com,Male,64396,Engineering,5/5/2010
563,eeydenfm,Elianora,Eyden,eeydenfm@furl.net,Female,72356,Engineering,10/7/2008
564,rchownfn,Ruggiero,Chown,rchownfn@buzzfeed.com,Male,93265,Marketing,11/7/2010
565,sseatterfo,Samuel,Seatter,sseatterfo@nhs.uk,Male,73029,Support,3/5/2020
566,ebergeonfp,Eda,Bergeon,ebergeonfp@bbc.co.uk,Male,71947,Sales,11/23/2019
567,grheaumefq,Gussi,Rheaume,grheaumefq@soup.io,Female,69065,Legal,5/2/2014
568,rbunclarkfr,Roxanne,Bunclark,rbunclarkfr@wufoo.com,Male,50302,Human Resources,9/15/2008
569,bscattergoodfs,Beverlee,Scattergood,bscattergoodfs@reference.com,Female,45792,Legal,8/31/2017
570,stembeyft,Solomon,Tembey,stembeyft@homestead.com,Female,85914,Business Development,1/11/2020
571,gdellefu,Georgianne,Delle,gdellefu@comsenz.com,Female,74415,Business Development,4/21/2014
572,equickfallfv,Elisha,Quickfall,equickfallfv@samsung.com,Male,77598,Marketing,1/5/2009
573,tschimmangfw,Tucker,Schimmang,tschimmangfw@msu.edu,Female,83230,Engineering,7/6/2015
574,fyurtsevfx,Fara,Yurtsev,fyurtsevfx@free.fr,Male,40772,Accounting,2/7/2019
575,sizakoffy,Silvie,Izakof,sizakoffy@guardian.co.uk,Male,40899,Sales,1/27/2013
576,mgodberfz,Mignonne,Godber,mgodberfz@ca.gov,Male,80926,Engineering,1/17/2012
577,cmeneyerg0,Celestyn,Meneyer,cmeneyerg0@mail.ru,Male,83738,Product Management,10/18/2015
578,mbunneyg1,Marcelline,Bunney,mbunneyg1@list-manage.com,Female,77962,Engineering,5/21/2012
579,nofallong2,Nigel,O'Fallon,nofallong2@go.com,Female,41944,Support,12/4/2019
580,tkocherg3,Terrie,Kocher,tkocherg3@purevolume.com,Male,79868,Research and Development,11/4/2019
581,ckrysztofowiczg4,Corenda,Krysztofowicz,ckrysztofowiczg4@mtv.com,Male,78037,Support,8/9/2016
582,amanthorpeg5,Ashlen,Manthorpe,amanthorpeg5@ihg.com,Female,82742,Services,2/4/2013
583,lforkerg6,Leanna,Forker,lforkerg6@g.co,Female,63243,Accounting,7/8/2015
584,rsimcoeg7,Raimondo,Simcoe,rsimcoeg7@facebook.com,Female,63646,Services,7/7/2016
585,obrussellg8,Odelle,Brussell,obrussellg8@clickbank.net,Male,84315,Business Development,2/7/2011
586,npitrassog9,Niall,Pitrasso,npitrassog9@purevolume.com,Male,63723,Services,4/19/2019
587,bbofieldga,Bobette,Bofield,bbofieldga@springer.com,Female,45664,Accounting,4/23/2018
588,cblaxallgb,Clarisse,Blaxall,cblaxallgb@so-net.ne.jp,Male,61070,Accounting,6/11/2010
589,eflanigangc,Elna,Flanigan,eflanigangc@constantcontact.com,Male,75694,Research and Development,4/20/2010
590,crowegd,Colin,Rowe,crowegd@comcast.net,Female,70488,Business Development,6/1/2015
591,aramstedge,Averell,Ramsted,aramstedge@twitpic.com,Male,72339,Sales,12/2/2013
592,rhedlinggf,Rickey,Hedling,rhedlinggf@gov.uk,Female,91668,Product Management,12/12/2018
593,kflipekgg,Kelli,Flipek,kflipekgg@illinois.edu,Male,43865,Services,7/21/2017
594,cbeebeegh,Carole,Beebee,cbeebeegh@cocolog-nifty.com,Female,63661,Accounting,4/9/2017
595,slippiattgi,Sigvard,Lippiatt,slippiattgi@cornell.edu,Male,64347,Training,3/27/2017
596,eblaycockgj,Estel,Blaycock,eblaycockgj@berkeley.edu,Male,86039,Support,3/11/2010
597,tgrunbaumgk,Trula,Grunbaum,tgrunbaumgk@furl.net,Male,66733,Engineering,2/8/2012
598,sfairlamgl,Skelly,Fairlam,sfairlamgl@patch.com,Female,38423,Legal,7/8/2015
599,dporkergm,Darelle,Porker,dporkergm@multiply.com,Male,83055,Services,6/13/2015
600,dpolakgn,Darell,Polak,dpolakgn@devhub.com,Female,69328,Training,10/16/2016
601,lgobelgo,Leonore,Gobel,lgobelgo@oracle.com,Male,58100,Research and Development,8/4/2012
602,acowndengp,Andreas,Cownden,acowndengp@cocolog-nifty.com,Female,72455,Business Development,12/13/2010
603,theavysidegq,Torin,Heavyside,theavysidegq@gizmodo.com,Female,80809,Marketing,3/27/2009
604,psyriegr,Pier,Syrie,psyriegr@salon.com,Male,37122,Sales,2/7/2019
605,bvoycegs,Barbabra,Voyce,bvoycegs@pen.io,Female,88992,Marketing,3/11/2011
606,rmasselgt,Ruthanne,Massel,rmasselgt@craigslist.org,Male,86910,Business Development,8/31/2012
607,dpallentgu,Dudley,Pallent,dpallentgu@fda.gov,Female,76572,Research and Development,1/6/2012
608,ncullygv,Norene,Cully,ncullygv@symantec.com,Female,71060,Research and Development,9/25/2017
609,bdunnangw,Bernetta,Dunnan,bdunnangw@miibeian.gov.cn,Male,79652,Marketing,10/6/2012
610,creddlesdengx,Clayborne,Reddlesden,creddlesdengx@loc.gov,Female,60597,Product Management,1/20/2016
611,dspringfordgy,Derrick,Springford,dspringfordgy@fotki.com,Male,67523,Human Resources,1/29/2020
612,wderrickgz,Wenona,Derrick,wderrickgz@howstuffworks.com,Female,45063,Marketing,9/26/2014
613,dsargeaunth0,Danny,Sargeaunt,dsargeaunth0@pagesperso-orange.fr,Female,82834,Support,6/14/2011
614,pdaglishh1,Porty,Daglish,pdaglishh1@hatena.ne.jp,Male,46802,Legal,11/22/2013
615,yborleaseh2,Yetta,Borlease,yborleaseh2@wufoo.com,Male,82626,Engineering,4/2/2018
616,pbreslauerh3,Pearline,Breslauer,pbreslauerh3@sciencedirect.com,Female,62732,Accounting,1/11/2009
617,jheadingh4,Jack,Heading,jheadingh4@berkeley.edu,Female,62877,Product Management,4/22/2013
618,nkinnerkh5,Neddy,Kinnerk,nkinnerkh5@i2i.jp,Female,73898,Sales,12/5/2015
619,ostallanh6,Oralee,Stallan,ostallanh6@xrea.com,Female,54507,Support,12/3/2017
620,rfalconertaylorh7,Reba,Falconer-Taylor,rfalconertaylorh7@google.com,Male,66788,Training,1/23/2016
621,bmingeyh8,Berti,Mingey,bmingeyh8@ucoz.ru,Female,66737,Human Resources,6/3/2011
622,swilesh9,Susana,Wiles,swilesh9@google.de,Male,93311,Training,1/4/2017
623,edallaha,Ethan,Dalla,edallaha@nasa.gov,Male,40829,Sales,4/6/2015
624,dadsheadhb,Darda,Adshead,dadsheadhb@a8.net,Female,38124,Human Resources,4/24/2016
625,jfurlonghc,Jacques,Furlong,jfurlonghc@google.cn,Female,84718,Services,4/23/2013
626,gjennrichhd,Galvan,Jennrich,gjennrichhd@topsy.com,Female,69109,Sales,4/20/2011
627,mambrosonihe,Mel,Ambrosoni,mambrosonihe@buzzfeed.com,Female,77535,Product Management,3/10/2009
628,eyeseninhf,Elihu,Yesenin,eyeseninhf@newsvine.com,Male,57618,Sales,11/13/2012
629,vrowlsonhg,Valentia,Rowlson,vrowlsonhg@time.com,Male,78502,Engineering,4/11/2016
630,glornsenhh,Gipsy,Lornsen,glornsenhh@ovh.net,Male,60310,Marketing,7/21/2016
631,cdoweyhi,Culley,Dowey,cdoweyhi@tuttocitta.it,Male,52985,Support,8/8/2015
632,sohanleyhj,Sophie,O'Hanley,sohanleyhj@theglobeandmail.com,Female,35823,Research and Development,12/17/2013
633,acoronahk,Adorne,Corona,acoronahk@marriott.com,Female,37897,Research and Development,5/20/2018
634,jsimminshl,Jarred,Simmins,jsimminshl@netscape.com,Female,91816,Support,7/11/2015
635,wwoollonshm,Wolfie,Woollons,wwoollonshm@booking.com,Male,64045,Sales,3/30/2014
636,tjuzahn,Tilda,Juza,tjuzahn@gnu.org,Female,63368,Legal,5/5/2011
637,gpragnellho,Garry,Pragnell,gpragnellho@liveinternet.ru,Female,72118,Research and Development,6/10/2013
638,jwalstowhp,Jobie,Walstow,jwalstowhp@virginia.edu,Female,36536,Business Development,6/3/2020
639,pwickshq,Pier,Wicks,pwickshq@stumbleupon.com,Female,63384,Product Management,5/26/2019
640,brenolhr,Bea,Renol,brenolhr@cdc.gov,Male,68953,Training,5/23/2019
641,bshortanhs,Barty,Shortan,bshortanhs@1und1.de,Female,70262,Support,8/8/2013
642,porgeeht,Peyton,Orgee,porgeeht@ezinearticles.com,Male,85689,Training,9/14/2012
643,pmewhahu,Pierson,Mewha,pmewhahu@goodreads.com,Male,80647,Services,9/3/2015
644,msevernhv,Melly,Severn,msevernhv@pagesperso-orange.fr,Female,90641,Business Development,4/2/2012
645,rstookehw,Reinaldos,Stooke,rstookehw@squarespace.com,Male,68723,Legal,1/13/2015
646,cdinningtonhx,Carlo,Dinnington,cdinningtonhx@google.com.hk,Male,69750,Support,2/25/2019
647,bcornelissehy,Bryanty,Cornelisse,bcornelissehy@sohu.com,Male,63059,Training,9/24/2019
648,pweighhz,Paige,Weigh,pweighhz@pbs.org,Male,72527,Product Management,11/17/2019
649,mmorforthi0,Minnie,Morforth,mmorforthi0@japanpost.jp,Male,78942,Legal,3/10/2009
650,msackeyi1,Miran,Sackey,msackeyi1@paginegialle.it,Female,60460,Human Resources,11/26/2016
651,emasdoni2,Edwin,Masdon,emasdoni2@cbc.ca,Male,71517,Research and Development,3/9/2011
652,tkamingi3,Tucker,Kaming,tkamingi3@dedecms.com,Female,64922,Training,7/12/2010
653,zorani4,Zerk,Oran,zorani4@dell.com,Female,76198,Support,6/4/2016
654,cdecorti5,Cherye,Decort,cdecorti5@webmd.com,Male,51418,Accounting,1/27/2020
655,swinspari6,Syd,Winspar,swinspari6@wisc.edu,Female,79445,Engineering,3/3/2017
656,mpenwelli7,Morse,Penwell,mpenwelli7@sourceforge.net,Male,40808,Engineering,12/18/2008
657,mmaxstedi8,Marcia,Maxsted,mmaxstedi8@springer.com,Female,94379,Accounting,10/19/2014
658,awilcockei9,Adina,Wilcocke,awilcockei9@artisteer.com,Female,71761,Training,9/27/2019
659,shaddingtonia,Sholom,Haddington,shaddingtonia@ocn.ne.jp,Male,76066,Engineering,3/22/2009
660,cpenniellib,Cosme,Penniell,cpenniellib@twitter.com,Male,88560,Support,3/25/2015
661,dpeapleic,Dionysus,Peaple,dpeapleic@craigslist.org,Female,82125,Services,10/17/2010
662,gdonovanid,Gilli,Donovan,gdonovanid@intel.com,Male,90661,Business Development,1/22/2019
663,cmoehlerie,Cristobal,Moehler,cmoehlerie@census.gov,Male,51787,Product Management,9/17/2018
664,cgayif,Cati,Gay,cgayif@bizjournals.com,Female,73144,Training,7/24/2020
665,gdomineyig,Gerri,Dominey,gdomineyig@goodreads.com,Male,81797,Services,4/4/2011
666,bcanlandih,Berte,Canland,bcanlandih@desdev.cn,Female,40244,Accounting,1/9/2012
667,rseargeantii,Robinson,Seargeant,rseargeantii@wix.com,Female,81898,Services,5/27/2019
668,abaylieij,Adrian,Baylie,abaylieij@gnu.org,Female,78450,Human Resources,7/31/2010
669,sfluckik,Shanta,Fluck,sfluckik@1und1.de,Female,79838,Services,12/16/2012
670,covershottil,Cross,Overshott,covershottil@biblegateway.com,Female,52970,Product Management,8/8/2011
671,vcaurahim,Vera,Caurah,vcaurahim@redcross.org,Female,79171,Product Management,6/24/2020
672,bdrewellin,Bonita,Drewell,bdrewellin@quantcast.com,Female,83391,Human Resources,3/26/2013
673,cgascoigneio,Cookie,Gascoigne,cgascoigneio@rambler.ru,Male,73737,Engineering,1/11/2018
674,oblackleyip,Ortensia,Blackley,oblackleyip@youtu.be,Female,43437,Engineering,10/8/2015
675,nbatropiq,Nonah,Batrop,nbatropiq@hatena.ne.jp,Male,90388,Legal,7/8/2014
676,amelliardir,Arlyne,Melliard,amelliardir@cnet.com,Female,71328,Sales,11/26/2009
677,pcampionis,Pen,Campion,pcampionis@topsy.com,Female,87359,Services,10/28/2014
678,bwigglesworthit,Brittany,Wigglesworth,bwigglesworthit@bloomberg.com,Male,79968,Business Development,9/22/2019
679,rcoffeyiu,Rachael,Coffey,rcoffeyiu@cyberchimps.com,Female,50298,Training,9/11/2018
680,bsiddoniv,Buiron,Siddon,bsiddoniv@purevolume.com,Female,62118,Marketing,9/6/2016
681,swolfordiw,Sella,Wolford,swolfordiw@yolasite.com,Male,75074,Product Management,8/12/2016
682,skershowix,Staffard,Kershow,skershowix@mac.com,Male,84605,Legal,10/6/2013
683,ipalphreymaniy,Inger,Palphreyman,ipalphreymaniy@oakley.com,Male,79547,Engineering,5/22/2011
684,ktaschiz,Kathe,Tasch,ktaschiz@state.tx.us,Female,50955,Business Development,4/6/2018
685,mdaddj0,Marcie,Dadd,mdaddj0@fastcompany.com,Male,69256,Accounting,12/10/2014
686,ckerinj1,Carlye,Kerin,ckerinj1@netvibes.com,Male,76961,Legal,3/19/2017
687,varnefieldj2,Valle,Arnefield,varnefieldj2@alexa.com,Male,74595,Research and Development,11/11/2012
688,hstillej3,Hertha,Stille,hstillej3@hatena.ne.jp,Male,89154,Engineering,6/23/2012
689,dbeauj4,Dari,Beau,dbeauj4@ftc.gov,Female,89907,Research and Development,3/21/2009
690,mgaythwaitej5,Margarette,Gaythwaite,mgaythwaitej5@yahoo.com,Male,48670,Business Development,6/6/2013
691,msheepyj6,Minna,Sheepy,msheepyj6@icq.com,Male,62969,Business Development,10/7/2010
692,abrosolij7,Artur,Brosoli,abrosolij7@blogtalkradio.com,Male,79981,Product Management,8/19/2009
693,vpittamj8,Vincent,Pittam,vpittamj8@loc.gov,Male,63178,Engineering,9/5/2010
694,cbrimilcombej9,Cherry,Brimilcombe,cbrimilcombej9@dailymotion.com,Male,71829,Human Resources,12/7/2015
695,ncaponja,Natalina,Capon,ncaponja@google.com,Female,86721,Business Development,6/16/2016
696,rfernyhoughjb,Ryun,Fernyhough,rfernyhoughjb@businessinsider.com,Female,55076,Engineering,8/15/2012
697,smcnyschejc,Shermy,McNysche,smcnyschejc@chicagotribune.com,Female,40058,Human Resources,11/10/2010
698,alambrickjd,Austin,Lambrick,alambrickjd@cafepress.com,Female,74717,Sales,10/29/2013
699,lwoodhallje,Lorri,Woodhall,lwoodhallje@purevolume.com,Female,72266,Services,9/5/2012
700,mdcruzejf,Moses,D'Cruze,mdcruzejf@drupal.org,Female,81061,Legal,6/22/2014
701,drainforthjg,Derrick,Rainforth,drainforthjg@geocities.jp,Male,87569,Business Development,10/3/2011
702,trowcastlejh,Torrey,Rowcastle,trowcastlejh@usda.gov,Female,65749,Accounting,7/26/2009
703,arimellji,Ashley,Rimell,arimellji@bigcartel.com,Male,42183,Support,3/15/2012
704,amenaultjj,Agna,Menault,amenaultjj@ustream.tv,Male,62273,Training,8/14/2018
705,ckopelmanjk,Cyrillus,Kopelman,ckopelmanjk@marketwatch.com,Male,61819,Business Development,6/14/2010
706,agyteshamjl,Andrus,Gytesham,agyteshamjl@webs.com,Female,64253,Legal,10/16/2017
707,hkehoejm,Hulda,Kehoe,hkehoejm@facebook.com,Male,93282,Human Resources,6/23/2018
708,bgonoudejn,Blanch,Gonoude,bgonoudejn@prweb.com,Male,56138,Training,3/7/2014
709,mjohanchonjo,Minta,Johanchon,mjohanchonjo@hubpages.com,Male,83342,Marketing,11/1/2019
710,ashearmejp,Austine,Shearme,ashearmejp@theguardian.com,Female,49179,Research and Development,1/3/2014
711,cbeardsworthjq,Cecil,Beardsworth,cbeardsworthjq@amazonaws.com,Male,81721,Product Management,1/22/2019
712,idemicolijr,Idelle,Demicoli,idemicolijr@webs.com,Female,70022,Legal,1/8/2012
713,idollarjs,Imojean,Dollar,idollarjs@behance.net,Female,51601,Training,2/6/2009
714,catkynsjt,Catriona,Atkyns,catkynsjt@opera.com,Female,87702,Sales,2/5/2019
715,rcordelju,Reinhold,Cordel,rcordelju@thetimes.co.uk,Female,85785,Accounting,11/27/2014
716,mrockwelljv,Marcile,Rockwell,mrockwelljv@merriam-webster.com,Male,78494,Product Management,4/17/2019
717,talexanderssonjw,Tyne,Alexandersson,talexanderssonjw@lycos.com,Female,62782,Human Resources,8/26/2015
718,pbirdsjx,Paule,Birds,pbirdsjx@msu.edu,Female,82394,Research and Development,10/21/2016
719,sboddicejy,Spenser,Boddice,sboddicejy@comcast.net,Female,86556,Training,9/24/2008
720,rchambersjz,Robin,Chambers,rchambersjz@jugem.jp,Male,80974,Sales,2/28/2013
721,dstairmondk0,Dwayne,Stairmond,dstairmondk0@opera.com,Female,67599,Engineering,10/9/2009
722,fledrunk1,Franny,Ledrun,fledrunk1@netscape.com,Male,72091,Services,5/15/2020
723,khausek2,Kira,Hause,khausek2@tamu.edu,Female,69769,Support,4/29/2012
724,karmerk3,Keely,Armer,karmerk3@dropbox.com,Male,80516,Support,11/18/2016
725,acarletk4,Arny,Carlet,acarletk4@sun.com,Male,82053,Services,4/30/2014
726,dwethersk5,Dill,Wethers,dwethersk5@europa.eu,Female,49425,Legal,2/10/2020
727,gsabbatierk6,Giulia,Sabbatier,gsabbatierk6@aol.com,Male,41334,Human Resources,10/20/2016
728,ngriffink7,Nelli,Griffin,ngriffink7@vimeo.com,Male,68958,Business Development,7/18/2020
729,jjardeink8,Jere,Jardein,jjardeink8@pcworld.com,Male,57360,Engineering,4/15/2013
730,gbeefonk9,Gwenore,Beefon,gbeefonk9@netlog.com,Female,66799,Training,7/28/2019
731,jpeterffyka,Jackqueline,Peterffy,jpeterffyka@cpanel.net,Male,40423,Marketing,3/23/2013
732,hparnallkb,Heall,Parnall,hparnallkb@oracle.com,Male,76707,Support,1/14/2011
733,ljenesskc,Lanita,Jeness,ljenesskc@pen.io,Female,83044,Research and Development,2/29/2016
734,bmcewankd,Bert,McEwan,bmcewankd@seattletimes.com,Male,84304,Legal,2/11/2015
735,kadamowitzke,Kerry,Adamowitz,kadamowitzke@gravatar.com,Male,73722,Services,6/29/2017
736,hgiacomettikf,Hunter,Giacometti,hgiacomettikf@china.com.cn,Male,84448,Research and Development,10/5/2016
737,kritmeyerkg,Karrie,Ritmeyer,kritmeyerkg@mlb.com,Male,61355,Accounting,2/9/2017
738,bhatherallkh,Bradly,Hatherall,bhatherallkh@boston.com,Male,73607,Legal,8/15/2016
739,aleiverski,Aurea,Leivers,aleiverski@icq.com,Male,66325,Human Resources,8/15/2015
740,ygwinnellkj,Yorgos,Gwinnell,ygwinnellkj@wp.com,Female,54373,Sales,5/11/2019
741,cmaccoughankk,Cristal,MacCoughan,cmaccoughankk@who.int,Female,48926,Legal,4/12/2016
742,plarkingskl,Paulie,Larkings,plarkingskl@bigcartel.com,Female,41074,Human Resources,3/8/2010
743,rkaboskm,Regan,Kabos,rkaboskm@dyndns.org,Female,77202,Support,7/5/2019
744,nferekn,Nedi,Fere,nferekn@bandcamp.com,Male,78327,Support,1/19/2011
745,bshurlockko,Bone,Shurlock,bshurlockko@youtube.com,Female,72778,Engineering,3/9/2016
746,swadmankp,Sterling,Wadman,swadmankp@artisteer.com,Male,36283,Product Management,10/9/2018
747,csanziokq,Chloette,Sanzio,csanziokq@zimbio.com,Female,77872,Business Development,6/3/2015
748,gandryszczakkr,Giusto,Andryszczak,gandryszczakkr@so-net.ne.jp,Female,80482,Marketing,9/1/2010
749,amoroneyks,Annelise,Moroney,amoroneyks@statcounter.com,Male,90602,Legal,12/29/2018
750,apercevalkt,Anderson,Perceval,apercevalkt@washington.edu,Male,61001,Marketing,6/11/2015
751,slembrickku,Somerset,Lembrick,slembrickku@howstuffworks.com,Female,59577,Services,7/11/2012
752,cfeltonkv,Currey,Felton,cfeltonkv@com.com,Male,64569,Business Development,11/22/2011
753,tperduekw,Tessi,Perdue,tperduekw@redcross.org,Female,92542,Human Resources,3/14/2017
754,dhalwillkx,Deck,Halwill,dhalwillkx@senate.gov,Female,80031,Training,10/27/2017
755,ptrebbettky,Pollyanna,Trebbett,ptrebbettky@apple.com,Female,36039,Marketing,9/9/2011
756,gepinoykz,Gan,Epinoy,gepinoykz@statcounter.com,Female,81663,Research and Development,9/14/2015
757,rslinel0,Ryon,Sline,rslinel0@sakura.ne.jp,Male,86279,Product Management,5/22/2017
758,smorenol1,Shawn,Moreno,smorenol1@youtube.com,Male,81893,Product Management,10/29/2018
759,tkainl2,Thelma,Kain,tkainl2@webmd.com,Male,49418,Product Management,7/21/2016
760,tbanghaml3,Tad,Bangham,tbanghaml3@whitehouse.gov,Female,76184,Training,9/12/2008
761,plamdenl4,Pippo,Lamden,plamdenl4@51.la,Male,67400,Business Development,4/16/2013
762,yperrynl5,Yevette,Perryn,yperrynl5@cbsnews.com,Female,65118,Product Management,4/9/2009
763,sgiannazzol6,Siward,Giannazzo,sgiannazzol6@adobe.com,Male,83763,Services,1/24/2011
764,bbegbiel7,Brenda,Begbie,bbegbiel7@taobao.com,Male,42234,Accounting,4/7/2020
765,jgledel8,Joelie,Glede,jgledel8@deviantart.com,Female,82382,Marketing,1/26/2015
766,opeerl9,Olvan,Peer,opeerl9@pbs.org,Female,85360,Marketing,5/23/2018
767,mblackstockla,Manya,Blackstock,mblackstockla@wordpress.org,Female,43458,Product Management,3/31/2017
768,mharrowsmithlb,Matteo,Harrowsmith,mharrowsmithlb@quantcast.com,Male,77820,Research and Development,8/13/2013
769,pcasebournelc,Pace,Casebourne,pcasebournelc@cbsnews.com,Female,78019,Business Development,12/19/2014
770,amiramsld,Alasteir,Mirams,amiramsld@arizona.edu,Male,35775,Engineering,3/20/2013
771,tfeldmarkle,Tobe,Feldmark,tfeldmarkle@wired.com,Female,84893,Business Development,7/14/2017
772,kkahenlf,Keefe,Kahen,kkahenlf@sitemeter.com,Female,86009,Services,3/3/2019
773,holrenshawlg,Hailey,Olrenshaw,holrenshawlg@washingtonpost.com,Female,47609,Support,12/19/2017
774,jharvattlh,Jon,Harvatt,jharvattlh@apple.com,Female,65500,Marketing,10/23/2008
775,cshadfourthli,Cordula,Shadfourth,cshadfourthli@dropbox.com,Male,78799,Sales,9/3/2015
776,volsenlj,Vinny,Olsen,volsenlj@comcast.net,Female,74844,Accounting,7/24/2016
777,pmeynelllk,Phoebe,Meynell,pmeynelllk@fda.gov,Male,80623,Sales,3/26/2010
778,dfryersll,Damara,Fryers,dfryersll@behance.net,Male,93020,Legal,4/11/2013
779,ktigwelllm,Keane,Tigwell,ktigwelllm@narod.ru,Female,68530,Support,8/21/2018
780,odoweln,Olivie,Dowe,odoweln@nasa.gov,Female,48233,Research and Development,5/25/2017
781,kduhiglo,Kellby,Duhig,kduhiglo@privacy.gov.au,Female,40569,Marketing,5/16/2014
782,copylp,Cord,Opy,copylp@yale.edu,Female,64727,Services,6/20/2020
783,tmckeefrylq,Thorin,McKeefry,tmckeefrylq@vimeo.com,Female,62493,Human Resources,2/13/2012
784,vroggerslr,Vaclav,Roggers,vroggerslr@dion.ne.jp,Male,38154,Support,3/12/2017
785,tmorstonls,Tony,Morston,tmorstonls@pcworld.com,Male,36814,Services,10/27/2019
786,priddelt,Parke,Ridde,priddelt@cdc.gov,Female,70499,Product Management,11/11/2008
787,jhardstafflu,Joelie,Hardstaff,jhardstafflu@comcast.net,Female,68944,Product Management,10/21/2018
788,rkennificklv,Rutherford,Kennifick,rkennificklv@alibaba.com,Male,92183,Accounting,9/5/2010
789,wmccandielw,Wye,McCandie,wmccandielw@si.edu,Male,37049,Human Resources,5/24/2011
790,fscalialx,Fanny,Scalia,fscalialx@upenn.edu,Female,84888,Engineering,2/1/2019
791,sgrzegorzewiczly,Sharron,Grzegorzewicz,sgrzegorzewiczly@ftc.gov,Male,83530,Engineering,10/21/2009
792,sabramskilz,Samuele,Abramski,sabramskilz@bloomberg.com,Male,63802,Business Development,10/28/2009
793,bmacaleesem0,Brose,MacAleese,bmacaleesem0@toplist.cz,Male,56233,Marketing,1/4/2019
794,thackwellm1,Tod,Hackwell,thackwellm1@unesco.org,Male,71280,Engineering,11/8/2010
795,lhuffm2,Lynea,Huff,lhuffm2@omniture.com,Female,84200,Support,7/28/2013
796,adelosm3,Ailsun,Delos,adelosm3@mapy.cz,Female,51990,Business Development,4/29/2013
797,btofpikm4,Blondelle,Tofpik,btofpikm4@nih.gov,Female,63177,Legal,10/6/2012
798,iocoskerrym5,Isa,O'Coskerry,iocoskerrym5@cmu.edu,Female,74361,Engineering,2/2/2019
799,cfairestm6,Camila,Fairest,cfairestm6@de.vu,Female,85950,Legal,8/25/2009
800,rhuntarm7,Reta,Huntar,rhuntarm7@cbc.ca,Female,86683,Sales,3/7/2020
801,areism8,Aksel,Reis,areism8@unc.edu,Female,84502,Research and Development,2/10/2016
802,sbrasseurm9,Sydney,Brasseur,sbrasseurm9@barnesandnoble.com,Male,62610,Research and Development,5/27/2011
803,ymacyma,Yorgo,Macy,ymacyma@diigo.com,Male,64360,Training,4/28/2019
804,sgwythermb,Sinclare,Gwyther,sgwythermb@mashable.com,Male,61433,Product Management,5/24/2010
805,abatthewmc,Anne-corinne,Batthew,abatthewmc@state.gov,Female,68767,Research and Development,6/15/2014
806,plinfordmd,Pauline,Linford,plinfordmd@bbb.org,Male,60740,Legal,1/31/2011
807,nwhaymandme,Nappy,Whaymand,nwhaymandme@indiatimes.com,Female,81892,Product Management,9/28/2008
808,fionnidismf,Frederic,Ionnidis,fionnidismf@sina.com.cn,Female,65052,Engineering,4/18/2011
809,pdupeymg,Pasquale,Dupey,pdupeymg@nyu.edu,Female,77246,Human Resources,6/7/2011
810,gryalmh,Geralda,Ryal,gryalmh@cdc.gov,Male,82894,Business Development,6/1/2017
811,adamiralmi,Annmaria,Damiral,adamiralmi@va.gov,Female,60419,Engineering,10/2/2014
812,omacrurymj,Orelee,MacRury,omacrurymj@cpanel.net,Male,63301,Marketing,4/28/2009
813,hmctaguemk,Homerus,McTague,hmctaguemk@theglobeandmail.com,Female,62787,Business Development,6/22/2014
814,togelsbyml,Tish,Ogelsby,togelsbyml@soundcloud.com,Female,57650,Human Resources,10/23/2010
815,ofilonieremm,Oates,Filoniere,ofilonieremm@ehow.com,Male,66447,Sales,5/1/2010
816,areveningmn,Angelia,Revening,areveningmn@360.cn,Male,61651,Engineering,10/26/2012
817,wwixonmo,Wilhelmine,Wixon,wwixonmo@last.fm,Male,56229,Sales,6/7/2019
818,tmouldmp,Trumann,Mould,tmouldmp@youku.com,Female,86870,Engineering,2/5/2010
819,spetrozzimq,Sydelle,Petrozzi,spetrozzimq@alibaba.com,Male,88034,Legal,1/28/2013
820,tskarmanmr,Torrance,Skarman,tskarmanmr@businesswire.com,Female,79743,Services,7/14/2015
821,amcewanms,Alia,McEwan,amcewanms@mozilla.org,Male,82701,Engineering,6/1/2018
822,aveldmanmt,Arne,Veldman,aveldmanmt@sakura.ne.jp,Male,68039,Sales,4/7/2020
823,hcaesarmu,Helge,Caesar,hcaesarmu@hexun.com,Female,45042,Support,2/15/2010
824,nturleymv,Nelson,Turley,nturleymv@friendfeed.com,Male,82438,Services,1/3/2013
825,ofarranmw,Oliver,Farran,ofarranmw@miibeian.gov.cn,Female,82866,Engineering,1/26/2010
826,nshentonmx,Normand,Shenton,nshentonmx@1und1.de,Female,82933,Business Development,5/20/2014
827,aclaissemy,Aleece,Claisse,aclaissemy@skyrock.com,Female,41223,Sales,8/12/2009
828,csousamz,Cynthy,Sousa,csousamz@networksolutions.com,Male,67829,Engineering,12/13/2018
829,scasselsn0,Stepha,Cassels,scasselsn0@psu.edu,Male,51175,Support,2/8/2012
830,adransfieldn1,Ainslie,Dransfield,adransfieldn1@mozilla.org,Male,89086,Human Resources,3/26/2020
831,cmcgivenn2,Constance,McGiven,cmcgivenn2@mlb.com,Male,69220,Marketing,6/24/2012
832,awakerleyn3,Ardelia,Wakerley,awakerleyn3@sina.com.cn,Female,73634,Accounting,4/5/2009
833,fduken4,Faythe,Duke,fduken4@slate.com,Female,36876,Engineering,4/13/2015
834,gjohnikinn5,Griffin,Johnikin,gjohnikinn5@addtoany.com,Male,67062,Human Resources,2/26/2019
835,lcubbinn6,Lynnell,Cubbin,lcubbinn6@over-blog.com,Male,72629,Services,5/4/2013
836,ffairpon7,Fidela,Fairpo,ffairpon7@deliciousdays.com,Male,87389,Research and Development,12/13/2019
837,bbortolozzin8,Bartholomeus,Bortolozzi,bbortolozzin8@blogs.com,Female,88412,Support,7/20/2013
838,vbebbn9,Verla,Bebb,vbebbn9@accuweather.com,Male,38536,Research and Development,7/21/2019
839,lavraamna,Lavina,Avraam,lavraamna@theatlantic.com,Female,74548,Research and Development,9/5/2016
840,kyeardleynb,Kaleb,Yeardley,kyeardleynb@cornell.edu,Male,59001,Training,3/27/2020
841,edalessandronc,Erny,D'Alessandro,edalessandronc@drupal.org,Male,74788,Training,3/21/2012
842,hrichfieldnd,Heda,Richfield,hrichfieldnd@craigslist.org,Female,70450,Engineering,11/11/2008
843,lmullanene,Loise,Mullane,lmullanene@guardian.co.uk,Female,41703,Legal,3/24/2016
844,tzuponf,Tybie,Zupo,tzuponf@unicef.org,Male,60359,Engineering,7/21/2018
845,jmottramng,Juan,Mottram,jmottramng@surveymonkey.com,Female,55276,Training,11/18/2014
846,tdeevesnh,Timmy,Deeves,tdeevesnh@domainmarket.com,Female,52970,Human Resources,7/17/2009
847,keardni,Kaila,Eard,keardni@elegantthemes.com,Male,70027,Accounting,5/27/2020
848,afortennj,Averill,Forten,afortennj@discovery.com,Male,79629,Support,2/5/2019
849,tgreenleafnk,Tiphani,Greenleaf,tgreenleafnk@army.mil,Male,87657,Research and Development,10/25/2018
850,vschneidaunl,Vivianna,Schneidau,vschneidaunl@accuweather.com,Male,43839,Product Management,12/9/2011
851,mguildnm,Marjy,Guild,mguildnm@virginia.edu,Male,61442,Engineering,7/3/2014
852,bkobierskinn,Bobbie,Kobierski,bkobierskinn@jiathis.com,Male,37262,Human Resources,4/26/2010
853,kswatmanno,Kaitlyn,Swatman,kswatmanno@xrea.com,Female,89694,Accounting,5/10/2015
854,gsamplesnp,Gussi,Samples,gsamplesnp@gizmodo.com,Male,78705,Research and Development,12/21/2009
855,cboschenq,Cathleen,Bosche,cboschenq@guardian.co.uk,Male,60888,Training,12/12/2008
856,ptethacotnr,Pen,Tethacot,ptethacotnr@yahoo.co.jp,Female,60381,Services,11/28/2019
857,amcmurrayns,Armand,McMurray,amcmurrayns@aol.com,Male,63362,Marketing,6/10/2016
858,tmaundernt,Tedra,Maunder,tmaundernt@ucoz.ru,Male,62316,Engineering,7/13/2016
859,gzamboniarinu,Giselbert,Zamboniari,gzamboniarinu@dell.com,Male,65931,Support,6/26/2009
860,egallantnv,Eliot,Gallant,egallantnv@uiuc.edu,Male,93109,Marketing,5/8/2019
861,bhallewellnw,Batsheva,Hallewell,bhallewellnw@ezinearticles.com,Female,73522,Human Resources,3/15/2019
862,tbinnellnx,Teodoro,Binnell,tbinnellnx@drupal.org,Male,89810,Legal,7/2/2016
863,gkinworthyny,Gifford,Kinworthy,gkinworthyny@artisteer.com,Female,89150,Services,1/2/2009
864,cpundnz,Chryste,Pund,cpundnz@etsy.com,Male,63320,Engineering,6/5/2020
865,tmathewsono0,Trefor,Mathewson,tmathewsono0@ca.gov,Female,43814,Accounting,2/7/2017
866,orainfordo1,Otis,Rainford,orainfordo1@ed.gov,Female,44699,Product Management,7/27/2018
867,mbuzino2,Mari,Buzin,mbuzino2@ibm.com,Male,87613,Services,12/19/2012
868,etucknutto3,Ericka,Tucknutt,etucknutto3@blogger.com,Male,57785,Sales,3/20/2011
869,bryamo4,Boot,Ryam,bryamo4@tamu.edu,Male,46783,Product Management,4/10/2018
870,charmestono5,Carey,Harmeston,charmestono5@usnews.com,Male,67771,Services,7/23/2019
871,bstannetto6,Bennett,Stannett,bstannetto6@bandcamp.com,Female,91260,Research and Development,8/27/2019
872,dsiddeno7,Dermot,Sidden,dsiddeno7@netscape.com,Female,68062,Marketing,8/5/2011
873,iswallwello8,Isabella,Swallwell,iswallwello8@feedburner.com,Female,44353,Services,3/31/2014
874,miannettio9,Maible,Iannetti,miannettio9@nih.gov,Male,51989,Sales,3/26/2016
875,fwoodingsoa,Franchot,Woodings,fwoodingsoa@gov.uk,Male,84749,Accounting,4/14/2011
876,moneleob,Mozelle,Onele,moneleob@paginegialle.it,Male,62420,Training,7/24/2019
877,jsydenhamoc,Jaquenette,Sydenham,jsydenhamoc@engadget.com,Male,62735,Training,9/28/2013
878,fshepleyod,Frankie,Shepley,fshepleyod@is.gd,Female,73235,Services,12/21/2011
879,llaimableoe,Leigh,Laimable,llaimableoe@123-reg.co.uk,Male,62887,Product Management,11/2/2011
880,mfrippsof,Montague,Fripps,mfrippsof@ucla.edu,Female,69134,Research and Development,11/5/2016
881,rsabanog,Rickard,Saban,rsabanog@fc2.com,Male,60985,Services,8/4/2009
882,ibilverstoneoh,Iris,Bilverstone,ibilverstoneoh@jiathis.com,Female,67711,Accounting,12/24/2019
883,wwitchelloi,Wendeline,Witchell,wwitchelloi@simplemachines.org,Male,71339,Human Resources,5/15/2020
884,ehaselhurstoj,Emilee,Haselhurst,ehaselhurstoj@wikia.com,Female,75931,Business Development,8/15/2019
885,epfaffok,Ernestus,Pfaff,epfaffok@go.com,Female,90559,Human Resources,9/11/2017
886,mschultesol,Morse,Schultes,mschultesol@xing.com,Male,81726,Legal,6/17/2020
887,itattersfieldom,Ignacius,Tattersfield,itattersfieldom@auda.org.au,Female,43752,Accounting,1/19/2020
888,agallyon,Alonso,Gally,agallyon@businesswire.com,Male,74093,Support,10/10/2012
889,dhartlessoo,Donaugh,Hartless,dhartlessoo@rakuten.co.jp,Female,63530,Marketing,3/9/2020
890,sjurgensenop,Stoddard,Jurgensen,sjurgensenop@foxnews.com,Male,75447,Product Management,6/17/2019
891,kgabeoq,Katie,Gabe,kgabeoq@diigo.com,Female,88731,Sales,5/20/2011
892,kthwaitesor,Karl,Thwaites,kthwaitesor@google.com.br,Male,35568,Support,10/4/2018
893,mcabenaos,Meyer,Cabena,mcabenaos@sourceforge.net,Female,58282,Support,8/10/2020
894,tsatchelot,Tabbi,Satchel,tsatchelot@domainmarket.com,Male,50559,Legal,4/2/2017
895,ltryeou,Lion,Trye,ltryeou@foxnews.com,Female,67932,Business Development,10/8/2013
896,cmatschekov,Cody,Matschek,cmatschekov@cornell.edu,Male,79214,Human Resources,5/7/2015
897,etrokeow,Evie,Troke,etrokeow@mysql.com,Female,74059,Services,1/22/2011
898,kdinceyox,Kirk,Dincey,kdinceyox@howstuffworks.com,Female,81752,Marketing,2/29/2016
899,rjuschkaoy,Rena,Juschka,rjuschkaoy@com.com,Female,36050,Accounting,8/29/2016
900,hgoncavesoz,Happy,Goncaves,hgoncavesoz@comcast.net,Female,88390,Research and Development,2/24/2014
901,umaccrackanp0,Ulises,MacCrackan,umaccrackanp0@ted.com,Male,68607,Services,10/13/2016
902,dkiehnep1,Dyanne,Kiehne,dkiehnep1@google.de,Male,56840,Product Management,10/2/2016
903,hhallifaxp2,Hector,Hallifax,hhallifaxp2@reverbnation.com,Male,35299,Accounting,9/18/2015
904,dbinleyp3,Dell,Binley,dbinleyp3@boston.com,Male,79775,Human Resources,1/15/2013
905,apropp4,Aurie,Prop,apropp4@paypal.com,Female,68826,Services,1/24/2012
906,amosconip5,Anne-corinne,Mosconi,amosconip5@studiopress.com,Female,80003,Accounting,7/12/2009
907,djekelp6,Dorotea,Jekel,djekelp6@uiuc.edu,Female,91390,Marketing,2/14/2010
908,gmingusp7,Gerhard,Mingus,gmingusp7@usda.gov,Male,90412,Support,5/16/2019
909,dbredep8,Dael,Brede,dbredep8@cargocollective.com,Male,91350,Legal,8/26/2019
910,akinnairdp9,Anastassia,Kinnaird,akinnairdp9@opensource.org,Female,59554,Research and Development,10/23/2016
911,ywhitcombepa,Yelena,Whitcombe,ywhitcombepa@fema.gov,Male,76643,Sales,3/9/2013
912,epatekpb,Elsworth,Patek,epatekpb@hud.gov,Male,76961,Product Management,1/8/2009
913,rpetroffpc,Rees,Petroff,rpetroffpc@mashable.com,Male,60480,Sales,9/24/2010
914,camdohrpd,Corliss,Amdohr,camdohrpd@dailymail.co.uk,Male,65641,Human Resources,8/3/2010
915,dbuckbeepe,Dulcinea,Buckbee,dbuckbeepe@kickstarter.com,Male,88764,Accounting,2/4/2014
916,rygoepf,Rosco,Ygoe,rygoepf@studiopress.com,Female,75443,Legal,5/26/2020
917,bflintoffpg,Bev,Flintoff,bflintoffpg@seesaa.net,Male,49599,Services,11/11/2014
918,ggorgenph,Gwenette,Gorgen,ggorgenph@slashdot.org,Male,43528,Training,11/19/2013
919,clandonpi,Cariotta,Landon,clandonpi@yelp.com,Female,88989,Training,2/24/2020
920,shellewellpj,Sue,Hellewell,shellewellpj@dell.com,Male,67771,Accounting,7/13/2020
921,mromaynpk,Merilyn,Romayn,mromaynpk@adobe.com,Male,57182,Human Resources,6/17/2010
922,cwinpennypl,Camel,Winpenny,cwinpennypl@sciencedirect.com,Female,61486,Legal,5/2/2018
923,cschubertpm,Crin,Schubert,cschubertpm@springer.com,Male,79598,Human Resources,12/18/2009
924,slinfittpn,Selene,Linfitt,slinfittpn@vkontakte.ru,Female,61017,Services,4/22/2015
925,fbradockpo,Fax,Bradock,fbradockpo@moonfruit.com,Male,60730,Business Development,6/8/2015
926,bwimbushpp,Betti,Wimbush,bwimbushpp@statcounter.com,Male,83195,Services,6/10/2017
927,kdjurevicpq,Kaitlynn,Djurevic,kdjurevicpq@flickr.com,Female,64811,Business Development,6/14/2019
928,narundalepr,Nelli,Arundale,narundalepr@csmonitor.com,Male,94722,Accounting,8/7/2012
929,ckolodziejskips,Carmela,Kolodziejski,ckolodziejskips@cornell.edu,Female,73173,Engineering,8/16/2019
930,wcanteropt,Wyn,Cantero,wcanteropt@usda.gov,Female,64046,Support,2/8/2014
931,gstammirspu,Gardy,Stammirs,gstammirspu@cam.ac.uk,Female,79271,Research and Development,2/26/2013
932,socahsedypv,Shell,O'Cahsedy,socahsedypv@printfriendly.com,Female,79918,Product Management,4/7/2014
933,nschowenburgpw,Nannie,Schowenburg,nschowenburgpw@pinterest.com,Female,82491,Research and Development,10/7/2009
934,bvancasselpx,Brnaba,Van Cassel,bvancasselpx@wisc.edu,Female,82047,Services,6/27/2013
935,sfacherpy,Sapphira,Facher,sfacherpy@homestead.com,Male,77119,Legal,11/14/2012
936,otschersichpz,Osmund,Tschersich,otschersichpz@de.vu,Male,92265,Support,12/29/2018
937,hfroschauerq0,Heddie,Froschauer,hfroschauerq0@chronoengine.com,Female,52343,Business Development,11/27/2017
938,jtitheringtonq1,Jarrod,Titherington,jtitheringtonq1@paginegialle.it,Male,53337,Sales,10/8/2016
939,fitzhakiq2,Fiorenze,Itzhaki,fitzhakiq2@shop-pro.jp,Female,49608,Research and Development,9/6/2012
940,dmadineq3,Dacia,Madine,dmadineq3@princeton.edu,Male,70978,Human Resources,10/18/2009
941,aroscamq4,Ardys,Roscam,aroscamq4@newyorker.com,Female,41127,Product Management,4/8/2014
942,cshaeferq5,Craggy,Shaefer,cshaeferq5@earthlink.net,Female,87472,Human Resources,1/1/2013
943,alenhamq6,Archibold,Lenham,alenhamq6@naver.com,Female,59717,Business Development,10/23/2018
944,tjollyeq7,Terry,Jollye,tjollyeq7@epa.gov,Female,76914,Accounting,7/28/2019
945,cmauserq8,Cherin,Mauser,cmauserq8@hubpages.com,Male,68019,Product Management,3/9/2014
946,prundallq9,Perla,Rundall,prundallq9@google.es,Female,73256,Sales,10/31/2009
947,fmcmorlandqa,Frederick,McMorland,fmcmorlandqa@epa.gov,Female,68035,Engineering,2/10/2015
948,bparmenterqb,Bernette,Parmenter,bparmenterqb@odnoklassniki.ru,Male,86653,Engineering,9/7/2010
949,cpilleyqc,Carlynne,Pilley,cpilleyqc@addtoany.com,Female,66104,Human Resources,8/29/2013
950,kmarskellqd,Kimmy,Marskell,kmarskellqd@topsy.com,Male,82447,Business Development,4/3/2019
951,tdillestoneqe,Tasha,Dillestone,tdillestoneqe@last.fm,Female,48545,Legal,2/19/2016
952,ahyattqf,Auroora,Hyatt,ahyattqf@ox.ac.uk,Female,73874,Training,10/5/2013
953,ehagueqg,Edith,Hague,ehagueqg@comcast.net,Female,61215,Marketing,3/7/2009
954,ssammsqh,Sallee,Samms,ssammsqh@admin.ch,Female,38018,Services,11/13/2016
955,pworhamqi,Pat,Worham,pworhamqi@seattletimes.com,Female,72444,Support,11/17/2013
956,sgurlingqj,Sandi,Gurling,sgurlingqj@time.com,Female,93615,Services,8/12/2009
957,mbickfordqk,Mandie,Bickford,mbickfordqk@hatena.ne.jp,Female,91996,Marketing,8/26/2013
958,rgrisbrookql,Richardo,Grisbrook,rgrisbrookql@stanford.edu,Female,64377,Marketing,9/21/2014
959,athreshqm,Arlana,Thresh,athreshqm@squarespace.com,Male,76497,Human Resources,4/7/2009
960,oslaterqn,Omar,Slater,oslaterqn@slashdot.org,Male,61580,Accounting,7/18/2011
961,eyoodallqo,Ewan,Yoodall,eyoodallqo@so-net.ne.jp,Female,81774,Research and Development,11/14/2015
962,grentollqp,Grace,Rentoll,grentollqp@mail.ru,Female,42381,Support,11/28/2017
963,htomkiesqq,Harmony,Tomkies,htomkiesqq@msn.com,Female,42457,Services,2/26/2015
964,bpettiforqr,Brit,Pettifor,bpettiforqr@skyrock.com,Female,87157,Training,2/1/2020
965,adilowayqs,Arleyne,Diloway,adilowayqs@paypal.com,Female,80961,Business Development,4/1/2014
966,cinworthqt,Chrystel,Inworth,cinworthqt@engadget.com,Male,41079,Training,10/21/2017
967,hstrikequ,Harli,Strike,hstrikequ@spotify.com,Male,91396,Business Development,8/13/2014
968,mratcliffqv,Monro,Ratcliff,mratcliffqv@home.pl,Female,58558,Legal,11/15/2017
969,eruppelqw,Ethe,Ruppel,eruppelqw@aboutads.info,Male,83605,Legal,5/2/2011
970,mbalstonqx,Myca,Balston,mbalstonqx@globo.com,Female,42153,Services,7/11/2018
971,dbiaggioliqy,Dunn,Biaggioli,dbiaggioliqy@earthlink.net,Female,87045,Marketing,5/23/2013
972,amiettinenqz,Allen,Miettinen,amiettinenqz@house.gov,Male,64874,Legal,3/15/2015
973,vupexr0,Vidovik,Upex,vupexr0@java.com,Female,51767,Human Resources,11/25/2015
974,hsumptionr1,Hillier,Sumption,hsumptionr1@google.cn,Female,77119,Human Resources,12/28/2008
975,baronowiczr2,Bobbi,Aronowicz,baronowiczr2@indiegogo.com,Male,81377,Legal,11/2/2010
976,layliffer3,Loise,Ayliffe,layliffer3@themeforest.net,Female,72435,Accounting,4/26/2015
977,tmattinglyr4,Trish,Mattingly,tmattinglyr4@theglobeandmail.com,Female,41348,Product Management,11/5/2009
978,gtorelr5,Gilburt,Torel,gtorelr5@macromedia.com,Male,39322,Support,10/19/2014
979,syannonir6,Shandee,Yannoni,syannonir6@furl.net,Female,90967,Legal,3/16/2020
980,thallr7,Thoma,Hall,thallr7@w3.org,Female,83087,Training,11/14/2016
981,rwiler8,Roseline,Wile,rwiler8@salon.com,Female,85469,Business Development,7/28/2015
982,hirwinr9,Henri,Irwin,hirwinr9@wunderground.com,Male,37726,Legal,9/8/2012
983,hdrinkhallra,Hector,Drinkhall,hdrinkhallra@sfgate.com,Male,93898,Business Development,2/15/2016
984,barentsrb,Benjy,Arents,barentsrb@buzzfeed.com,Male,73309,Research and Development,5/10/2009
985,rboyesrc,Reine,Boyes,rboyesrc@mashable.com,Female,79687,Business Development,3/22/2017
986,kscaicerd,Kaiser,Scaice,kscaicerd@lycos.com,Male,65982,Training,10/13/2011
987,nriglerre,Nari,Rigler,nriglerre@google.es,Female,77031,Training,7/3/2017
988,mskeathrf,Merrielle,Skeath,mskeathrf@yellowbook.com,Male,93923,Training,9/16/2015
989,sarkcollrg,Sollie,Arkcoll,sarkcollrg@oracle.com,Male,71467,Product Management,5/24/2009
990,bashwinrh,Bernice,Ashwin,bashwinrh@com.com,Male,58574,Services,9/10/2017
991,vpieterri,Violet,Pieter,vpieterri@engadget.com,Female,53157,Marketing,4/25/2010
992,fscholarrj,Francesco,Scholar,fscholarrj@tripod.com,Female,73133,Legal,12/4/2016
993,fnormandalerk,Fields,Normandale,fnormandalerk@bravesites.com,Male,43237,Marketing,5/5/2016
994,mjosefssonrl,Marcelia,Josefsson,mjosefssonrl@pbs.org,Male,65009,Human Resources,1/24/2017
995,pkentonrm,Parker,Kenton,pkentonrm@xing.com,Female,71303,Human Resources,3/15/2016
996,mwadforthrn,Miltie,Wadforth,mwadforthrn@ihg.com,Male,79427,Support,12/23/2018
997,blowellro,Benjie,Lowell,blowellro@jiathis.com,Female,58905,Research and Development,3/21/2011
998,nputtenrp,Natassia,Putten,nputtenrp@chron.com,Female,73265,Product Management,2/15/2012
999,rinmettrq,Renard,Inmett,rinmettrq@istockphoto.com,Female,44635,Marketing,1/14/2012
1000,afarquharsonrr,Andrei,Farquharson,afarquharsonrr@bluehost.com,Female,80740,Services,2/11/2017
